gameId,season,reason
1022100001,2021,season_not_in_canonical_box(2025-2026 only)
1022100002,2021,season_not_in_canonical_box(2025-2026 only)
1022100003,2021,season_not_in_canonical_box(2025-2026 only)
1022100004,2021,season_not_in_canonical_box(2025-2026 only)
1022100005,2021,season_not_in_canonical_box(2025-2026 only)
1022100006,2021,season_not_in_canonical_box(2025-2026 only)
1022100007,2021,season_not_in_canonical_box(2025-2026 only)
1022100008,2021,season_not_in_canonical_box(2025-2026 only)
1022100009,2021,season_not_in_canonical_box(2025-2026 only)
1022100010,2021,season_not_in_canonical_box(2025-2026 only)
1022100011,2021,season_not_in_canonical_box(2025-2026 only)
1022100012,2021,season_not_in_canonical_box(2025-2026 only)
1022100013,2021,season_not_in_canonical_box(2025-2026 only)
1022100014,2021,season_not_in_canonical_box(2025-2026 only)
1022100015,2021,season_not_in_canonical_box(2025-2026 only)
1022100016,2021,season_not_in_canonical_box(2025-2026 only)
1022100017,2021,season_not_in_canonical_box(2025-2026 only)
1022100018,2021,season_not_in_canonical_box(2025-2026 only)
1022100019,2021,season_not_in_canonical_box(2025-2026 only)
1022100020,2021,season_not_in_canonical_box(2025-2026 only)
1022100021,2021,season_not_in_canonical_box(2025-2026 only)
1022100022,2021,season_not_in_canonical_box(2025-2026 only)
1022100023,2021,season_not_in_canonical_box(2025-2026 only)
1022100024,2021,season_not_in_canonical_box(2025-2026 only)
1022100025,2021,season_not_in_canonical_box(2025-2026 only)
1022100026,2021,season_not_in_canonical_box(2025-2026 only)
1022100027,2021,season_not_in_canonical_box(2025-2026 only)
1022100028,2021,season_not_in_canonical_box(2025-2026 only)
1022100029,2021,season_not_in_canonical_box(2025-2026 only)
1022100030,2021,season_not_in_canonical_box(2025-2026 only)
1022100031,2021,season_not_in_canonical_box(2025-2026 only)
1022100032,2021,season_not_in_canonical_box(2025-2026 only)
1022100033,2021,season_not_in_canonical_box(2025-2026 only)
1022100034,2021,season_not_in_canonical_box(2025-2026 only)
1022100035,2021,season_not_in_canonical_box(2025-2026 only)
1022100036,2021,season_not_in_canonical_box(2025-2026 only)
1022100037,2021,season_not_in_canonical_box(2025-2026 only)
1022100038,2021,season_not_in_canonical_box(2025-2026 only)
1022100039,2021,season_not_in_canonical_box(2025-2026 only)
1022100040,2021,season_not_in_canonical_box(2025-2026 only)
1022100041,2021,season_not_in_canonical_box(2025-2026 only)
1022100042,2021,season_not_in_canonical_box(2025-2026 only)
1022100043,2021,season_not_in_canonical_box(2025-2026 only)
1022100044,2021,season_not_in_canonical_box(2025-2026 only)
1022100045,2021,season_not_in_canonical_box(2025-2026 only)
1022100046,2021,season_not_in_canonical_box(2025-2026 only)
1022100047,2021,season_not_in_canonical_box(2025-2026 only)
1022100048,2021,season_not_in_canonical_box(2025-2026 only)
1022100049,2021,season_not_in_canonical_box(2025-2026 only)
1022100050,2021,season_not_in_canonical_box(2025-2026 only)
1022100051,2021,season_not_in_canonical_box(2025-2026 only)
1022100052,2021,season_not_in_canonical_box(2025-2026 only)
1022100053,2021,season_not_in_canonical_box(2025-2026 only)
1022100054,2021,season_not_in_canonical_box(2025-2026 only)
1022100055,2021,season_not_in_canonical_box(2025-2026 only)
1022100056,2021,season_not_in_canonical_box(2025-2026 only)
1022100057,2021,season_not_in_canonical_box(2025-2026 only)
1022100058,2021,season_not_in_canonical_box(2025-2026 only)
1022100059,2021,season_not_in_canonical_box(2025-2026 only)
1022100060,2021,season_not_in_canonical_box(2025-2026 only)
1022100061,2021,season_not_in_canonical_box(2025-2026 only)
1022100062,2021,season_not_in_canonical_box(2025-2026 only)
1022100063,2021,season_not_in_canonical_box(2025-2026 only)
1022100064,2021,season_not_in_canonical_box(2025-2026 only)
1022100065,2021,season_not_in_canonical_box(2025-2026 only)
1022100066,2021,season_not_in_canonical_box(2025-2026 only)
1022100067,2021,season_not_in_canonical_box(2025-2026 only)
1022100068,2021,season_not_in_canonical_box(2025-2026 only)
1022100069,2021,season_not_in_canonical_box(2025-2026 only)
1022100070,2021,season_not_in_canonical_box(2025-2026 only)
1022100071,2021,season_not_in_canonical_box(2025-2026 only)
1022100072,2021,season_not_in_canonical_box(2025-2026 only)
1022100073,2021,season_not_in_canonical_box(2025-2026 only)
1022100074,2021,season_not_in_canonical_box(2025-2026 only)
1022100075,2021,season_not_in_canonical_box(2025-2026 only)
1022100076,2021,season_not_in_canonical_box(2025-2026 only)
1022100077,2021,season_not_in_canonical_box(2025-2026 only)
1022100078,2021,season_not_in_canonical_box(2025-2026 only)
1022100079,2021,season_not_in_canonical_box(2025-2026 only)
1022100080,2021,season_not_in_canonical_box(2025-2026 only)
1022100081,2021,season_not_in_canonical_box(2025-2026 only)
1022100082,2021,season_not_in_canonical_box(2025-2026 only)
1022100083,2021,season_not_in_canonical_box(2025-2026 only)
1022100084,2021,season_not_in_canonical_box(2025-2026 only)
1022100085,2021,season_not_in_canonical_box(2025-2026 only)
1022100086,2021,season_not_in_canonical_box(2025-2026 only)
1022100087,2021,season_not_in_canonical_box(2025-2026 only)
1022100088,2021,season_not_in_canonical_box(2025-2026 only)
1022100089,2021,season_not_in_canonical_box(2025-2026 only)
1022100090,2021,season_not_in_canonical_box(2025-2026 only)
1022100091,2021,season_not_in_canonical_box(2025-2026 only)
1022100092,2021,season_not_in_canonical_box(2025-2026 only)
1022100093,2021,season_not_in_canonical_box(2025-2026 only)
1022100094,2021,season_not_in_canonical_box(2025-2026 only)
1022100095,2021,season_not_in_canonical_box(2025-2026 only)
1022100096,2021,season_not_in_canonical_box(2025-2026 only)
1022100097,2021,season_not_in_canonical_box(2025-2026 only)
1022100098,2021,season_not_in_canonical_box(2025-2026 only)
1022100099,2021,season_not_in_canonical_box(2025-2026 only)
1022100100,2021,season_not_in_canonical_box(2025-2026 only)
1022100101,2021,season_not_in_canonical_box(2025-2026 only)
1022100102,2021,season_not_in_canonical_box(2025-2026 only)
1022100103,2021,season_not_in_canonical_box(2025-2026 only)
1022100104,2021,season_not_in_canonical_box(2025-2026 only)
1022100105,2021,season_not_in_canonical_box(2025-2026 only)
1022100106,2021,season_not_in_canonical_box(2025-2026 only)
1022100107,2021,season_not_in_canonical_box(2025-2026 only)
1022100108,2021,season_not_in_canonical_box(2025-2026 only)
1022100109,2021,season_not_in_canonical_box(2025-2026 only)
1022100110,2021,season_not_in_canonical_box(2025-2026 only)
1022100111,2021,season_not_in_canonical_box(2025-2026 only)
1022100112,2021,season_not_in_canonical_box(2025-2026 only)
1022100113,2021,season_not_in_canonical_box(2025-2026 only)
1022100114,2021,season_not_in_canonical_box(2025-2026 only)
1022100115,2021,season_not_in_canonical_box(2025-2026 only)
1022100116,2021,season_not_in_canonical_box(2025-2026 only)
1022100117,2021,season_not_in_canonical_box(2025-2026 only)
1022100118,2021,season_not_in_canonical_box(2025-2026 only)
1022100119,2021,season_not_in_canonical_box(2025-2026 only)
1022100120,2021,season_not_in_canonical_box(2025-2026 only)
1022100121,2021,season_not_in_canonical_box(2025-2026 only)
1022100122,2021,season_not_in_canonical_box(2025-2026 only)
1022100123,2021,season_not_in_canonical_box(2025-2026 only)
1022100124,2021,season_not_in_canonical_box(2025-2026 only)
1022100125,2021,season_not_in_canonical_box(2025-2026 only)
1022100126,2021,season_not_in_canonical_box(2025-2026 only)
1022100127,2021,season_not_in_canonical_box(2025-2026 only)
1022100128,2021,season_not_in_canonical_box(2025-2026 only)
1022100129,2021,season_not_in_canonical_box(2025-2026 only)
1022100130,2021,season_not_in_canonical_box(2025-2026 only)
1022100131,2021,season_not_in_canonical_box(2025-2026 only)
1022100132,2021,season_not_in_canonical_box(2025-2026 only)
1022100133,2021,season_not_in_canonical_box(2025-2026 only)
1022100134,2021,season_not_in_canonical_box(2025-2026 only)
1022100135,2021,season_not_in_canonical_box(2025-2026 only)
1022100136,2021,season_not_in_canonical_box(2025-2026 only)
1022100137,2021,season_not_in_canonical_box(2025-2026 only)
1022100138,2021,season_not_in_canonical_box(2025-2026 only)
1022100139,2021,season_not_in_canonical_box(2025-2026 only)
1022100140,2021,season_not_in_canonical_box(2025-2026 only)
1022100141,2021,season_not_in_canonical_box(2025-2026 only)
1022100142,2021,season_not_in_canonical_box(2025-2026 only)
1022100143,2021,season_not_in_canonical_box(2025-2026 only)
1022100144,2021,season_not_in_canonical_box(2025-2026 only)
1022100145,2021,season_not_in_canonical_box(2025-2026 only)
1022100146,2021,season_not_in_canonical_box(2025-2026 only)
1022100147,2021,season_not_in_canonical_box(2025-2026 only)
1022100148,2021,season_not_in_canonical_box(2025-2026 only)
1022100149,2021,season_not_in_canonical_box(2025-2026 only)
1022100150,2021,season_not_in_canonical_box(2025-2026 only)
1022100151,2021,season_not_in_canonical_box(2025-2026 only)
1022100152,2021,season_not_in_canonical_box(2025-2026 only)
1022100153,2021,season_not_in_canonical_box(2025-2026 only)
1022100154,2021,season_not_in_canonical_box(2025-2026 only)
1022100155,2021,season_not_in_canonical_box(2025-2026 only)
1022100156,2021,season_not_in_canonical_box(2025-2026 only)
1022100157,2021,season_not_in_canonical_box(2025-2026 only)
1022100158,2021,season_not_in_canonical_box(2025-2026 only)
1022100159,2021,season_not_in_canonical_box(2025-2026 only)
1022100160,2021,season_not_in_canonical_box(2025-2026 only)
1022100161,2021,season_not_in_canonical_box(2025-2026 only)
1022100162,2021,season_not_in_canonical_box(2025-2026 only)
1022100163,2021,season_not_in_canonical_box(2025-2026 only)
1022100164,2021,season_not_in_canonical_box(2025-2026 only)
1022100165,2021,season_not_in_canonical_box(2025-2026 only)
1022100166,2021,season_not_in_canonical_box(2025-2026 only)
1022100167,2021,season_not_in_canonical_box(2025-2026 only)
1022100168,2021,season_not_in_canonical_box(2025-2026 only)
1022100169,2021,season_not_in_canonical_box(2025-2026 only)
1022100170,2021,season_not_in_canonical_box(2025-2026 only)
1022100171,2021,season_not_in_canonical_box(2025-2026 only)
1022100172,2021,season_not_in_canonical_box(2025-2026 only)
1022100173,2021,season_not_in_canonical_box(2025-2026 only)
1022100174,2021,season_not_in_canonical_box(2025-2026 only)
1022100175,2021,season_not_in_canonical_box(2025-2026 only)
1022100176,2021,season_not_in_canonical_box(2025-2026 only)
1022100177,2021,season_not_in_canonical_box(2025-2026 only)
1022100178,2021,season_not_in_canonical_box(2025-2026 only)
1022100179,2021,season_not_in_canonical_box(2025-2026 only)
1022100180,2021,season_not_in_canonical_box(2025-2026 only)
1022100181,2021,season_not_in_canonical_box(2025-2026 only)
1022100182,2021,season_not_in_canonical_box(2025-2026 only)
1022100183,2021,season_not_in_canonical_box(2025-2026 only)
1022100184,2021,season_not_in_canonical_box(2025-2026 only)
1022100185,2021,season_not_in_canonical_box(2025-2026 only)
1022100186,2021,season_not_in_canonical_box(2025-2026 only)
1022100187,2021,season_not_in_canonical_box(2025-2026 only)
1022100188,2021,season_not_in_canonical_box(2025-2026 only)
1022100189,2021,season_not_in_canonical_box(2025-2026 only)
1022100190,2021,season_not_in_canonical_box(2025-2026 only)
1022100191,2021,season_not_in_canonical_box(2025-2026 only)
1022100192,2021,season_not_in_canonical_box(2025-2026 only)
1022200001,2022,season_not_in_canonical_box(2025-2026 only)
1022200002,2022,season_not_in_canonical_box(2025-2026 only)
1022200003,2022,season_not_in_canonical_box(2025-2026 only)
1022200004,2022,season_not_in_canonical_box(2025-2026 only)
1022200005,2022,season_not_in_canonical_box(2025-2026 only)
1022200006,2022,season_not_in_canonical_box(2025-2026 only)
1022200007,2022,season_not_in_canonical_box(2025-2026 only)
1022200008,2022,season_not_in_canonical_box(2025-2026 only)
1022200009,2022,season_not_in_canonical_box(2025-2026 only)
1022200010,2022,season_not_in_canonical_box(2025-2026 only)
1022200011,2022,season_not_in_canonical_box(2025-2026 only)
1022200012,2022,season_not_in_canonical_box(2025-2026 only)
1022200013,2022,season_not_in_canonical_box(2025-2026 only)
1022200014,2022,season_not_in_canonical_box(2025-2026 only)
1022200015,2022,season_not_in_canonical_box(2025-2026 only)
1022200016,2022,season_not_in_canonical_box(2025-2026 only)
1022200017,2022,season_not_in_canonical_box(2025-2026 only)
1022200018,2022,season_not_in_canonical_box(2025-2026 only)
1022200019,2022,season_not_in_canonical_box(2025-2026 only)
1022200020,2022,season_not_in_canonical_box(2025-2026 only)
1022200021,2022,season_not_in_canonical_box(2025-2026 only)
1022200022,2022,season_not_in_canonical_box(2025-2026 only)
1022200023,2022,season_not_in_canonical_box(2025-2026 only)
1022200024,2022,season_not_in_canonical_box(2025-2026 only)
1022200025,2022,season_not_in_canonical_box(2025-2026 only)
1022200026,2022,season_not_in_canonical_box(2025-2026 only)
1022200027,2022,season_not_in_canonical_box(2025-2026 only)
1022200028,2022,season_not_in_canonical_box(2025-2026 only)
1022200029,2022,season_not_in_canonical_box(2025-2026 only)
1022200030,2022,season_not_in_canonical_box(2025-2026 only)
1022200031,2022,season_not_in_canonical_box(2025-2026 only)
1022200032,2022,season_not_in_canonical_box(2025-2026 only)
1022200033,2022,season_not_in_canonical_box(2025-2026 only)
1022200034,2022,season_not_in_canonical_box(2025-2026 only)
1022200035,2022,season_not_in_canonical_box(2025-2026 only)
1022200036,2022,season_not_in_canonical_box(2025-2026 only)
1022200037,2022,season_not_in_canonical_box(2025-2026 only)
1022200038,2022,season_not_in_canonical_box(2025-2026 only)
1022200039,2022,season_not_in_canonical_box(2025-2026 only)
1022200040,2022,season_not_in_canonical_box(2025-2026 only)
1022200041,2022,season_not_in_canonical_box(2025-2026 only)
1022200042,2022,season_not_in_canonical_box(2025-2026 only)
1022200043,2022,season_not_in_canonical_box(2025-2026 only)
1022200044,2022,season_not_in_canonical_box(2025-2026 only)
1022200045,2022,season_not_in_canonical_box(2025-2026 only)
1022200046,2022,season_not_in_canonical_box(2025-2026 only)
1022200047,2022,season_not_in_canonical_box(2025-2026 only)
1022200048,2022,season_not_in_canonical_box(2025-2026 only)
1022200049,2022,season_not_in_canonical_box(2025-2026 only)
1022200050,2022,season_not_in_canonical_box(2025-2026 only)
1022200051,2022,season_not_in_canonical_box(2025-2026 only)
1022200052,2022,season_not_in_canonical_box(2025-2026 only)
1022200053,2022,season_not_in_canonical_box(2025-2026 only)
1022200054,2022,season_not_in_canonical_box(2025-2026 only)
1022200055,2022,season_not_in_canonical_box(2025-2026 only)
1022200056,2022,season_not_in_canonical_box(2025-2026 only)
1022200057,2022,season_not_in_canonical_box(2025-2026 only)
1022200058,2022,season_not_in_canonical_box(2025-2026 only)
1022200059,2022,season_not_in_canonical_box(2025-2026 only)
1022200060,2022,season_not_in_canonical_box(2025-2026 only)
1022200061,2022,season_not_in_canonical_box(2025-2026 only)
1022200062,2022,season_not_in_canonical_box(2025-2026 only)
1022200063,2022,season_not_in_canonical_box(2025-2026 only)
1022200064,2022,season_not_in_canonical_box(2025-2026 only)
1022200065,2022,season_not_in_canonical_box(2025-2026 only)
1022200066,2022,season_not_in_canonical_box(2025-2026 only)
1022200067,2022,season_not_in_canonical_box(2025-2026 only)
1022200068,2022,season_not_in_canonical_box(2025-2026 only)
1022200069,2022,season_not_in_canonical_box(2025-2026 only)
1022200070,2022,season_not_in_canonical_box(2025-2026 only)
1022200071,2022,season_not_in_canonical_box(2025-2026 only)
1022200072,2022,season_not_in_canonical_box(2025-2026 only)
1022200073,2022,season_not_in_canonical_box(2025-2026 only)
1022200074,2022,season_not_in_canonical_box(2025-2026 only)
1022200075,2022,season_not_in_canonical_box(2025-2026 only)
1022200076,2022,season_not_in_canonical_box(2025-2026 only)
1022200077,2022,season_not_in_canonical_box(2025-2026 only)
1022200078,2022,season_not_in_canonical_box(2025-2026 only)
1022200079,2022,season_not_in_canonical_box(2025-2026 only)
1022200080,2022,season_not_in_canonical_box(2025-2026 only)
1022200081,2022,season_not_in_canonical_box(2025-2026 only)
1022200082,2022,season_not_in_canonical_box(2025-2026 only)
1022200083,2022,season_not_in_canonical_box(2025-2026 only)
1022200084,2022,season_not_in_canonical_box(2025-2026 only)
1022200085,2022,season_not_in_canonical_box(2025-2026 only)
1022200086,2022,season_not_in_canonical_box(2025-2026 only)
1022200087,2022,season_not_in_canonical_box(2025-2026 only)
1022200088,2022,season_not_in_canonical_box(2025-2026 only)
1022200089,2022,season_not_in_canonical_box(2025-2026 only)
1022200090,2022,season_not_in_canonical_box(2025-2026 only)
1022200091,2022,season_not_in_canonical_box(2025-2026 only)
1022200092,2022,season_not_in_canonical_box(2025-2026 only)
1022200093,2022,season_not_in_canonical_box(2025-2026 only)
1022200094,2022,season_not_in_canonical_box(2025-2026 only)
1022200095,2022,season_not_in_canonical_box(2025-2026 only)
1022200096,2022,season_not_in_canonical_box(2025-2026 only)
1022200097,2022,season_not_in_canonical_box(2025-2026 only)
1022200098,2022,season_not_in_canonical_box(2025-2026 only)
1022200099,2022,season_not_in_canonical_box(2025-2026 only)
1022200100,2022,season_not_in_canonical_box(2025-2026 only)
1022200101,2022,season_not_in_canonical_box(2025-2026 only)
1022200102,2022,season_not_in_canonical_box(2025-2026 only)
1022200103,2022,season_not_in_canonical_box(2025-2026 only)
1022200104,2022,season_not_in_canonical_box(2025-2026 only)
1022200105,2022,season_not_in_canonical_box(2025-2026 only)
1022200106,2022,season_not_in_canonical_box(2025-2026 only)
1022200107,2022,season_not_in_canonical_box(2025-2026 only)
1022200108,2022,season_not_in_canonical_box(2025-2026 only)
1022200109,2022,season_not_in_canonical_box(2025-2026 only)
1022200110,2022,season_not_in_canonical_box(2025-2026 only)
1022200111,2022,season_not_in_canonical_box(2025-2026 only)
1022200112,2022,season_not_in_canonical_box(2025-2026 only)
1022200113,2022,season_not_in_canonical_box(2025-2026 only)
1022200114,2022,season_not_in_canonical_box(2025-2026 only)
1022200115,2022,season_not_in_canonical_box(2025-2026 only)
1022200116,2022,season_not_in_canonical_box(2025-2026 only)
1022200117,2022,season_not_in_canonical_box(2025-2026 only)
1022200118,2022,season_not_in_canonical_box(2025-2026 only)
1022200119,2022,season_not_in_canonical_box(2025-2026 only)
1022200120,2022,season_not_in_canonical_box(2025-2026 only)
1022200121,2022,season_not_in_canonical_box(2025-2026 only)
1022200122,2022,season_not_in_canonical_box(2025-2026 only)
1022200123,2022,season_not_in_canonical_box(2025-2026 only)
1022200124,2022,season_not_in_canonical_box(2025-2026 only)
1022200125,2022,season_not_in_canonical_box(2025-2026 only)
1022200126,2022,season_not_in_canonical_box(2025-2026 only)
1022200127,2022,season_not_in_canonical_box(2025-2026 only)
1022200128,2022,season_not_in_canonical_box(2025-2026 only)
1022200129,2022,season_not_in_canonical_box(2025-2026 only)
1022200130,2022,season_not_in_canonical_box(2025-2026 only)
1022200131,2022,season_not_in_canonical_box(2025-2026 only)
1022200132,2022,season_not_in_canonical_box(2025-2026 only)
1022200133,2022,season_not_in_canonical_box(2025-2026 only)
1022200134,2022,season_not_in_canonical_box(2025-2026 only)
1022200135,2022,season_not_in_canonical_box(2025-2026 only)
1022200136,2022,season_not_in_canonical_box(2025-2026 only)
1022200137,2022,season_not_in_canonical_box(2025-2026 only)
1022200138,2022,season_not_in_canonical_box(2025-2026 only)
1022200139,2022,season_not_in_canonical_box(2025-2026 only)
1022200140,2022,season_not_in_canonical_box(2025-2026 only)
1022200141,2022,season_not_in_canonical_box(2025-2026 only)
1022200142,2022,season_not_in_canonical_box(2025-2026 only)
1022200143,2022,season_not_in_canonical_box(2025-2026 only)
1022200144,2022,season_not_in_canonical_box(2025-2026 only)
1022200145,2022,season_not_in_canonical_box(2025-2026 only)
1022200146,2022,season_not_in_canonical_box(2025-2026 only)
1022200147,2022,season_not_in_canonical_box(2025-2026 only)
1022200148,2022,season_not_in_canonical_box(2025-2026 only)
1022200149,2022,season_not_in_canonical_box(2025-2026 only)
1022200150,2022,season_not_in_canonical_box(2025-2026 only)
1022200151,2022,season_not_in_canonical_box(2025-2026 only)
1022200152,2022,season_not_in_canonical_box(2025-2026 only)
1022200153,2022,season_not_in_canonical_box(2025-2026 only)
1022200154,2022,season_not_in_canonical_box(2025-2026 only)
1022200155,2022,season_not_in_canonical_box(2025-2026 only)
1022200156,2022,season_not_in_canonical_box(2025-2026 only)
1022200157,2022,season_not_in_canonical_box(2025-2026 only)
1022200158,2022,season_not_in_canonical_box(2025-2026 only)
1022200159,2022,season_not_in_canonical_box(2025-2026 only)
1022200160,2022,season_not_in_canonical_box(2025-2026 only)
1022200161,2022,season_not_in_canonical_box(2025-2026 only)
1022200162,2022,season_not_in_canonical_box(2025-2026 only)
1022200163,2022,season_not_in_canonical_box(2025-2026 only)
1022200164,2022,season_not_in_canonical_box(2025-2026 only)
1022200165,2022,season_not_in_canonical_box(2025-2026 only)
1022200166,2022,season_not_in_canonical_box(2025-2026 only)
1022200167,2022,season_not_in_canonical_box(2025-2026 only)
1022200168,2022,season_not_in_canonical_box(2025-2026 only)
1022200169,2022,season_not_in_canonical_box(2025-2026 only)
1022200170,2022,season_not_in_canonical_box(2025-2026 only)
1022200171,2022,season_not_in_canonical_box(2025-2026 only)
1022200172,2022,season_not_in_canonical_box(2025-2026 only)
1022200173,2022,season_not_in_canonical_box(2025-2026 only)
1022200174,2022,season_not_in_canonical_box(2025-2026 only)
1022200175,2022,season_not_in_canonical_box(2025-2026 only)
1022200176,2022,season_not_in_canonical_box(2025-2026 only)
1022200177,2022,season_not_in_canonical_box(2025-2026 only)
1022200178,2022,season_not_in_canonical_box(2025-2026 only)
1022200179,2022,season_not_in_canonical_box(2025-2026 only)
1022200180,2022,season_not_in_canonical_box(2025-2026 only)
1022200181,2022,season_not_in_canonical_box(2025-2026 only)
1022200182,2022,season_not_in_canonical_box(2025-2026 only)
1022200183,2022,season_not_in_canonical_box(2025-2026 only)
1022200184,2022,season_not_in_canonical_box(2025-2026 only)
1022200185,2022,season_not_in_canonical_box(2025-2026 only)
1022200186,2022,season_not_in_canonical_box(2025-2026 only)
1022200187,2022,season_not_in_canonical_box(2025-2026 only)
1022200188,2022,season_not_in_canonical_box(2025-2026 only)
1022200189,2022,season_not_in_canonical_box(2025-2026 only)
1022200190,2022,season_not_in_canonical_box(2025-2026 only)
1022200191,2022,season_not_in_canonical_box(2025-2026 only)
1022200192,2022,season_not_in_canonical_box(2025-2026 only)
1022200193,2022,season_not_in_canonical_box(2025-2026 only)
1022200194,2022,season_not_in_canonical_box(2025-2026 only)
1022200195,2022,season_not_in_canonical_box(2025-2026 only)
1022200196,2022,season_not_in_canonical_box(2025-2026 only)
1022200197,2022,season_not_in_canonical_box(2025-2026 only)
1022200198,2022,season_not_in_canonical_box(2025-2026 only)
1022200199,2022,season_not_in_canonical_box(2025-2026 only)
1022200200,2022,season_not_in_canonical_box(2025-2026 only)
1022200201,2022,season_not_in_canonical_box(2025-2026 only)
1022200202,2022,season_not_in_canonical_box(2025-2026 only)
1022200203,2022,season_not_in_canonical_box(2025-2026 only)
1022200204,2022,season_not_in_canonical_box(2025-2026 only)
1022200205,2022,season_not_in_canonical_box(2025-2026 only)
1022200206,2022,season_not_in_canonical_box(2025-2026 only)
1022200207,2022,season_not_in_canonical_box(2025-2026 only)
1022200208,2022,season_not_in_canonical_box(2025-2026 only)
1022200209,2022,season_not_in_canonical_box(2025-2026 only)
1022200210,2022,season_not_in_canonical_box(2025-2026 only)
1022200211,2022,season_not_in_canonical_box(2025-2026 only)
1022200212,2022,season_not_in_canonical_box(2025-2026 only)
1022200213,2022,season_not_in_canonical_box(2025-2026 only)
1022200214,2022,season_not_in_canonical_box(2025-2026 only)
1022200215,2022,season_not_in_canonical_box(2025-2026 only)
1022200216,2022,season_not_in_canonical_box(2025-2026 only)
1022300001,2023,season_not_in_canonical_box(2025-2026 only)
1022300002,2023,season_not_in_canonical_box(2025-2026 only)
1022300003,2023,season_not_in_canonical_box(2025-2026 only)
1022300004,2023,season_not_in_canonical_box(2025-2026 only)
1022300005,2023,season_not_in_canonical_box(2025-2026 only)
1022300006,2023,season_not_in_canonical_box(2025-2026 only)
1022300007,2023,season_not_in_canonical_box(2025-2026 only)
1022300008,2023,season_not_in_canonical_box(2025-2026 only)
1022300009,2023,season_not_in_canonical_box(2025-2026 only)
1022300010,2023,season_not_in_canonical_box(2025-2026 only)
1022300011,2023,season_not_in_canonical_box(2025-2026 only)
1022300012,2023,season_not_in_canonical_box(2025-2026 only)
1022300013,2023,season_not_in_canonical_box(2025-2026 only)
1022300014,2023,season_not_in_canonical_box(2025-2026 only)
1022300015,2023,season_not_in_canonical_box(2025-2026 only)
1022300016,2023,season_not_in_canonical_box(2025-2026 only)
1022300017,2023,season_not_in_canonical_box(2025-2026 only)
1022300018,2023,season_not_in_canonical_box(2025-2026 only)
1022300019,2023,season_not_in_canonical_box(2025-2026 only)
1022300020,2023,season_not_in_canonical_box(2025-2026 only)
1022300021,2023,season_not_in_canonical_box(2025-2026 only)
1022300022,2023,season_not_in_canonical_box(2025-2026 only)
1022300023,2023,season_not_in_canonical_box(2025-2026 only)
1022300024,2023,season_not_in_canonical_box(2025-2026 only)
1022300025,2023,season_not_in_canonical_box(2025-2026 only)
1022300026,2023,season_not_in_canonical_box(2025-2026 only)
1022300027,2023,season_not_in_canonical_box(2025-2026 only)
1022300028,2023,season_not_in_canonical_box(2025-2026 only)
1022300029,2023,season_not_in_canonical_box(2025-2026 only)
1022300030,2023,season_not_in_canonical_box(2025-2026 only)
1022300031,2023,season_not_in_canonical_box(2025-2026 only)
1022300032,2023,season_not_in_canonical_box(2025-2026 only)
1022300033,2023,season_not_in_canonical_box(2025-2026 only)
1022300034,2023,season_not_in_canonical_box(2025-2026 only)
1022300035,2023,season_not_in_canonical_box(2025-2026 only)
1022300036,2023,season_not_in_canonical_box(2025-2026 only)
1022300037,2023,season_not_in_canonical_box(2025-2026 only)
1022300038,2023,season_not_in_canonical_box(2025-2026 only)
1022300039,2023,season_not_in_canonical_box(2025-2026 only)
1022300040,2023,season_not_in_canonical_box(2025-2026 only)
1022300041,2023,season_not_in_canonical_box(2025-2026 only)
1022300042,2023,season_not_in_canonical_box(2025-2026 only)
1022300043,2023,season_not_in_canonical_box(2025-2026 only)
1022300044,2023,season_not_in_canonical_box(2025-2026 only)
1022300045,2023,season_not_in_canonical_box(2025-2026 only)
1022300046,2023,season_not_in_canonical_box(2025-2026 only)
1022300047,2023,season_not_in_canonical_box(2025-2026 only)
1022300048,2023,season_not_in_canonical_box(2025-2026 only)
1022300049,2023,season_not_in_canonical_box(2025-2026 only)
1022300050,2023,season_not_in_canonical_box(2025-2026 only)
1022300051,2023,season_not_in_canonical_box(2025-2026 only)
1022300052,2023,season_not_in_canonical_box(2025-2026 only)
1022300053,2023,season_not_in_canonical_box(2025-2026 only)
1022300054,2023,season_not_in_canonical_box(2025-2026 only)
1022300055,2023,season_not_in_canonical_box(2025-2026 only)
1022300056,2023,season_not_in_canonical_box(2025-2026 only)
1022300057,2023,season_not_in_canonical_box(2025-2026 only)
1022300058,2023,season_not_in_canonical_box(2025-2026 only)
1022300059,2023,season_not_in_canonical_box(2025-2026 only)
1022300060,2023,season_not_in_canonical_box(2025-2026 only)
1022300061,2023,season_not_in_canonical_box(2025-2026 only)
1022300062,2023,season_not_in_canonical_box(2025-2026 only)
1022300063,2023,season_not_in_canonical_box(2025-2026 only)
1022300064,2023,season_not_in_canonical_box(2025-2026 only)
1022300065,2023,season_not_in_canonical_box(2025-2026 only)
1022300066,2023,season_not_in_canonical_box(2025-2026 only)
1022300067,2023,season_not_in_canonical_box(2025-2026 only)
1022300068,2023,season_not_in_canonical_box(2025-2026 only)
1022300069,2023,season_not_in_canonical_box(2025-2026 only)
1022300070,2023,season_not_in_canonical_box(2025-2026 only)
1022300071,2023,season_not_in_canonical_box(2025-2026 only)
1022300072,2023,season_not_in_canonical_box(2025-2026 only)
1022300073,2023,season_not_in_canonical_box(2025-2026 only)
1022300074,2023,season_not_in_canonical_box(2025-2026 only)
1022300075,2023,season_not_in_canonical_box(2025-2026 only)
1022300076,2023,season_not_in_canonical_box(2025-2026 only)
1022300077,2023,season_not_in_canonical_box(2025-2026 only)
1022300078,2023,season_not_in_canonical_box(2025-2026 only)
1022300079,2023,season_not_in_canonical_box(2025-2026 only)
1022300080,2023,season_not_in_canonical_box(2025-2026 only)
1022300081,2023,season_not_in_canonical_box(2025-2026 only)
1022300082,2023,season_not_in_canonical_box(2025-2026 only)
1022300083,2023,season_not_in_canonical_box(2025-2026 only)
1022300084,2023,season_not_in_canonical_box(2025-2026 only)
1022300085,2023,season_not_in_canonical_box(2025-2026 only)
1022300086,2023,season_not_in_canonical_box(2025-2026 only)
1022300087,2023,season_not_in_canonical_box(2025-2026 only)
1022300088,2023,season_not_in_canonical_box(2025-2026 only)
1022300089,2023,season_not_in_canonical_box(2025-2026 only)
1022300090,2023,season_not_in_canonical_box(2025-2026 only)
1022300091,2023,season_not_in_canonical_box(2025-2026 only)
1022300092,2023,season_not_in_canonical_box(2025-2026 only)
1022300093,2023,season_not_in_canonical_box(2025-2026 only)
1022300094,2023,season_not_in_canonical_box(2025-2026 only)
1022300095,2023,season_not_in_canonical_box(2025-2026 only)
1022300096,2023,season_not_in_canonical_box(2025-2026 only)
1022300097,2023,season_not_in_canonical_box(2025-2026 only)
1022300098,2023,season_not_in_canonical_box(2025-2026 only)
1022300099,2023,season_not_in_canonical_box(2025-2026 only)
1022300100,2023,season_not_in_canonical_box(2025-2026 only)
1022300101,2023,season_not_in_canonical_box(2025-2026 only)
1022300102,2023,season_not_in_canonical_box(2025-2026 only)
1022300103,2023,season_not_in_canonical_box(2025-2026 only)
1022300104,2023,season_not_in_canonical_box(2025-2026 only)
1022300105,2023,season_not_in_canonical_box(2025-2026 only)
1022300106,2023,season_not_in_canonical_box(2025-2026 only)
1022300107,2023,season_not_in_canonical_box(2025-2026 only)
1022300108,2023,season_not_in_canonical_box(2025-2026 only)
1022300109,2023,season_not_in_canonical_box(2025-2026 only)
1022300110,2023,season_not_in_canonical_box(2025-2026 only)
1022300111,2023,season_not_in_canonical_box(2025-2026 only)
1022300112,2023,season_not_in_canonical_box(2025-2026 only)
1022300113,2023,season_not_in_canonical_box(2025-2026 only)
1022300114,2023,season_not_in_canonical_box(2025-2026 only)
1022300115,2023,season_not_in_canonical_box(2025-2026 only)
1022300116,2023,season_not_in_canonical_box(2025-2026 only)
1022300117,2023,season_not_in_canonical_box(2025-2026 only)
1022300118,2023,season_not_in_canonical_box(2025-2026 only)
1022300119,2023,season_not_in_canonical_box(2025-2026 only)
1022300120,2023,season_not_in_canonical_box(2025-2026 only)
1022300121,2023,season_not_in_canonical_box(2025-2026 only)
1022300122,2023,season_not_in_canonical_box(2025-2026 only)
1022300123,2023,season_not_in_canonical_box(2025-2026 only)
1022300124,2023,season_not_in_canonical_box(2025-2026 only)
1022300125,2023,season_not_in_canonical_box(2025-2026 only)
1022300126,2023,season_not_in_canonical_box(2025-2026 only)
1022300127,2023,season_not_in_canonical_box(2025-2026 only)
1022300128,2023,season_not_in_canonical_box(2025-2026 only)
1022300129,2023,season_not_in_canonical_box(2025-2026 only)
1022300130,2023,season_not_in_canonical_box(2025-2026 only)
1022300131,2023,season_not_in_canonical_box(2025-2026 only)
1022300132,2023,season_not_in_canonical_box(2025-2026 only)
1022300133,2023,season_not_in_canonical_box(2025-2026 only)
1022300134,2023,season_not_in_canonical_box(2025-2026 only)
1022300135,2023,season_not_in_canonical_box(2025-2026 only)
1022300136,2023,season_not_in_canonical_box(2025-2026 only)
1022300137,2023,season_not_in_canonical_box(2025-2026 only)
1022300138,2023,season_not_in_canonical_box(2025-2026 only)
1022300139,2023,season_not_in_canonical_box(2025-2026 only)
1022300140,2023,season_not_in_canonical_box(2025-2026 only)
1022300141,2023,season_not_in_canonical_box(2025-2026 only)
1022300142,2023,season_not_in_canonical_box(2025-2026 only)
1022300143,2023,season_not_in_canonical_box(2025-2026 only)
1022300144,2023,season_not_in_canonical_box(2025-2026 only)
1022300145,2023,season_not_in_canonical_box(2025-2026 only)
1022300146,2023,season_not_in_canonical_box(2025-2026 only)
1022300147,2023,season_not_in_canonical_box(2025-2026 only)
1022300148,2023,season_not_in_canonical_box(2025-2026 only)
1022300149,2023,season_not_in_canonical_box(2025-2026 only)
1022300150,2023,season_not_in_canonical_box(2025-2026 only)
1022300151,2023,season_not_in_canonical_box(2025-2026 only)
1022300152,2023,season_not_in_canonical_box(2025-2026 only)
1022300153,2023,season_not_in_canonical_box(2025-2026 only)
1022300154,2023,season_not_in_canonical_box(2025-2026 only)
1022300155,2023,season_not_in_canonical_box(2025-2026 only)
1022300156,2023,season_not_in_canonical_box(2025-2026 only)
1022300157,2023,season_not_in_canonical_box(2025-2026 only)
1022300158,2023,season_not_in_canonical_box(2025-2026 only)
1022300159,2023,season_not_in_canonical_box(2025-2026 only)
1022300160,2023,season_not_in_canonical_box(2025-2026 only)
1022300161,2023,season_not_in_canonical_box(2025-2026 only)
1022300162,2023,season_not_in_canonical_box(2025-2026 only)
1022300163,2023,season_not_in_canonical_box(2025-2026 only)
1022300164,2023,season_not_in_canonical_box(2025-2026 only)
1022300165,2023,season_not_in_canonical_box(2025-2026 only)
1022300166,2023,season_not_in_canonical_box(2025-2026 only)
1022300167,2023,season_not_in_canonical_box(2025-2026 only)
1022300168,2023,season_not_in_canonical_box(2025-2026 only)
1022300169,2023,season_not_in_canonical_box(2025-2026 only)
1022300170,2023,season_not_in_canonical_box(2025-2026 only)
1022300171,2023,season_not_in_canonical_box(2025-2026 only)
1022300172,2023,season_not_in_canonical_box(2025-2026 only)
1022300173,2023,season_not_in_canonical_box(2025-2026 only)
1022300174,2023,season_not_in_canonical_box(2025-2026 only)
1022300175,2023,season_not_in_canonical_box(2025-2026 only)
1022300176,2023,season_not_in_canonical_box(2025-2026 only)
1022300177,2023,season_not_in_canonical_box(2025-2026 only)
1022300178,2023,season_not_in_canonical_box(2025-2026 only)
1022300179,2023,season_not_in_canonical_box(2025-2026 only)
1022300180,2023,season_not_in_canonical_box(2025-2026 only)
1022300181,2023,season_not_in_canonical_box(2025-2026 only)
1022300182,2023,season_not_in_canonical_box(2025-2026 only)
1022300183,2023,season_not_in_canonical_box(2025-2026 only)
1022300184,2023,season_not_in_canonical_box(2025-2026 only)
1022300185,2023,season_not_in_canonical_box(2025-2026 only)
1022300186,2023,season_not_in_canonical_box(2025-2026 only)
1022300187,2023,season_not_in_canonical_box(2025-2026 only)
1022300188,2023,season_not_in_canonical_box(2025-2026 only)
1022300189,2023,season_not_in_canonical_box(2025-2026 only)
1022300190,2023,season_not_in_canonical_box(2025-2026 only)
1022300191,2023,season_not_in_canonical_box(2025-2026 only)
1022300192,2023,season_not_in_canonical_box(2025-2026 only)
1022300193,2023,season_not_in_canonical_box(2025-2026 only)
1022300194,2023,season_not_in_canonical_box(2025-2026 only)
1022300195,2023,season_not_in_canonical_box(2025-2026 only)
1022300196,2023,season_not_in_canonical_box(2025-2026 only)
1022300197,2023,season_not_in_canonical_box(2025-2026 only)
1022300198,2023,season_not_in_canonical_box(2025-2026 only)
1022300199,2023,season_not_in_canonical_box(2025-2026 only)
1022300200,2023,season_not_in_canonical_box(2025-2026 only)
1022300201,2023,season_not_in_canonical_box(2025-2026 only)
1022300202,2023,season_not_in_canonical_box(2025-2026 only)
1022300203,2023,season_not_in_canonical_box(2025-2026 only)
1022300204,2023,season_not_in_canonical_box(2025-2026 only)
1022300205,2023,season_not_in_canonical_box(2025-2026 only)
1022300206,2023,season_not_in_canonical_box(2025-2026 only)
1022300207,2023,season_not_in_canonical_box(2025-2026 only)
1022300208,2023,season_not_in_canonical_box(2025-2026 only)
1022300209,2023,season_not_in_canonical_box(2025-2026 only)
1022300210,2023,season_not_in_canonical_box(2025-2026 only)
1022300211,2023,season_not_in_canonical_box(2025-2026 only)
1022300212,2023,season_not_in_canonical_box(2025-2026 only)
1022300213,2023,season_not_in_canonical_box(2025-2026 only)
1022300214,2023,season_not_in_canonical_box(2025-2026 only)
1022300215,2023,season_not_in_canonical_box(2025-2026 only)
1022300216,2023,season_not_in_canonical_box(2025-2026 only)
1022300217,2023,season_not_in_canonical_box(2025-2026 only)
1022300218,2023,season_not_in_canonical_box(2025-2026 only)
1022300219,2023,season_not_in_canonical_box(2025-2026 only)
1022300220,2023,season_not_in_canonical_box(2025-2026 only)
1022300221,2023,season_not_in_canonical_box(2025-2026 only)
1022300222,2023,season_not_in_canonical_box(2025-2026 only)
1022300223,2023,season_not_in_canonical_box(2025-2026 only)
1022300224,2023,season_not_in_canonical_box(2025-2026 only)
1022300225,2023,season_not_in_canonical_box(2025-2026 only)
1022300226,2023,season_not_in_canonical_box(2025-2026 only)
1022300227,2023,season_not_in_canonical_box(2025-2026 only)
1022300228,2023,season_not_in_canonical_box(2025-2026 only)
1022300229,2023,season_not_in_canonical_box(2025-2026 only)
1022300230,2023,season_not_in_canonical_box(2025-2026 only)
1022300231,2023,season_not_in_canonical_box(2025-2026 only)
1022300232,2023,season_not_in_canonical_box(2025-2026 only)
1022300233,2023,season_not_in_canonical_box(2025-2026 only)
1022300234,2023,season_not_in_canonical_box(2025-2026 only)
1022300235,2023,season_not_in_canonical_box(2025-2026 only)
1022300236,2023,season_not_in_canonical_box(2025-2026 only)
1022300237,2023,season_not_in_canonical_box(2025-2026 only)
1022300238,2023,season_not_in_canonical_box(2025-2026 only)
1022300239,2023,season_not_in_canonical_box(2025-2026 only)
1022300240,2023,season_not_in_canonical_box(2025-2026 only)
1022400001,2024,season_not_in_canonical_box(2025-2026 only)
1022400002,2024,season_not_in_canonical_box(2025-2026 only)
1022400003,2024,season_not_in_canonical_box(2025-2026 only)
1022400004,2024,season_not_in_canonical_box(2025-2026 only)
1022400005,2024,season_not_in_canonical_box(2025-2026 only)
1022400006,2024,season_not_in_canonical_box(2025-2026 only)
1022400007,2024,season_not_in_canonical_box(2025-2026 only)
1022400008,2024,season_not_in_canonical_box(2025-2026 only)
1022400009,2024,season_not_in_canonical_box(2025-2026 only)
1022400010,2024,season_not_in_canonical_box(2025-2026 only)
1022400011,2024,season_not_in_canonical_box(2025-2026 only)
1022400012,2024,season_not_in_canonical_box(2025-2026 only)
1022400013,2024,season_not_in_canonical_box(2025-2026 only)
1022400014,2024,season_not_in_canonical_box(2025-2026 only)
1022400015,2024,season_not_in_canonical_box(2025-2026 only)
1022400016,2024,season_not_in_canonical_box(2025-2026 only)
1022400017,2024,season_not_in_canonical_box(2025-2026 only)
1022400018,2024,season_not_in_canonical_box(2025-2026 only)
1022400019,2024,season_not_in_canonical_box(2025-2026 only)
1022400020,2024,season_not_in_canonical_box(2025-2026 only)
1022400021,2024,season_not_in_canonical_box(2025-2026 only)
1022400022,2024,season_not_in_canonical_box(2025-2026 only)
1022400023,2024,season_not_in_canonical_box(2025-2026 only)
1022400024,2024,season_not_in_canonical_box(2025-2026 only)
1022400025,2024,season_not_in_canonical_box(2025-2026 only)
1022400026,2024,season_not_in_canonical_box(2025-2026 only)
1022400027,2024,season_not_in_canonical_box(2025-2026 only)
1022400028,2024,season_not_in_canonical_box(2025-2026 only)
1022400029,2024,season_not_in_canonical_box(2025-2026 only)
1022400030,2024,season_not_in_canonical_box(2025-2026 only)
1022400031,2024,season_not_in_canonical_box(2025-2026 only)
1022400032,2024,season_not_in_canonical_box(2025-2026 only)
1022400033,2024,season_not_in_canonical_box(2025-2026 only)
1022400034,2024,season_not_in_canonical_box(2025-2026 only)
1022400035,2024,season_not_in_canonical_box(2025-2026 only)
1022400036,2024,season_not_in_canonical_box(2025-2026 only)
1022400037,2024,season_not_in_canonical_box(2025-2026 only)
1022400038,2024,season_not_in_canonical_box(2025-2026 only)
1022400039,2024,season_not_in_canonical_box(2025-2026 only)
1022400040,2024,season_not_in_canonical_box(2025-2026 only)
1022400041,2024,season_not_in_canonical_box(2025-2026 only)
1022400042,2024,season_not_in_canonical_box(2025-2026 only)
1022400043,2024,season_not_in_canonical_box(2025-2026 only)
1022400044,2024,season_not_in_canonical_box(2025-2026 only)
1022400045,2024,season_not_in_canonical_box(2025-2026 only)
1022400046,2024,season_not_in_canonical_box(2025-2026 only)
1022400047,2024,season_not_in_canonical_box(2025-2026 only)
1022400048,2024,season_not_in_canonical_box(2025-2026 only)
1022400049,2024,season_not_in_canonical_box(2025-2026 only)
1022400050,2024,season_not_in_canonical_box(2025-2026 only)
1022400051,2024,season_not_in_canonical_box(2025-2026 only)
1022400052,2024,season_not_in_canonical_box(2025-2026 only)
1022400053,2024,season_not_in_canonical_box(2025-2026 only)
1022400054,2024,season_not_in_canonical_box(2025-2026 only)
1022400055,2024,season_not_in_canonical_box(2025-2026 only)
1022400056,2024,season_not_in_canonical_box(2025-2026 only)
1022400057,2024,season_not_in_canonical_box(2025-2026 only)
1022400058,2024,season_not_in_canonical_box(2025-2026 only)
1022400059,2024,season_not_in_canonical_box(2025-2026 only)
1022400060,2024,season_not_in_canonical_box(2025-2026 only)
1022400061,2024,season_not_in_canonical_box(2025-2026 only)
1022400062,2024,season_not_in_canonical_box(2025-2026 only)
1022400063,2024,season_not_in_canonical_box(2025-2026 only)
1022400064,2024,season_not_in_canonical_box(2025-2026 only)
1022400065,2024,season_not_in_canonical_box(2025-2026 only)
1022400066,2024,season_not_in_canonical_box(2025-2026 only)
1022400067,2024,season_not_in_canonical_box(2025-2026 only)
1022400068,2024,season_not_in_canonical_box(2025-2026 only)
1022400069,2024,season_not_in_canonical_box(2025-2026 only)
1022400070,2024,season_not_in_canonical_box(2025-2026 only)
1022400071,2024,season_not_in_canonical_box(2025-2026 only)
1022400072,2024,season_not_in_canonical_box(2025-2026 only)
1022400073,2024,season_not_in_canonical_box(2025-2026 only)
1022400074,2024,season_not_in_canonical_box(2025-2026 only)
1022400075,2024,season_not_in_canonical_box(2025-2026 only)
1022400076,2024,season_not_in_canonical_box(2025-2026 only)
1022400077,2024,season_not_in_canonical_box(2025-2026 only)
1022400078,2024,season_not_in_canonical_box(2025-2026 only)
1022400079,2024,season_not_in_canonical_box(2025-2026 only)
1022400080,2024,season_not_in_canonical_box(2025-2026 only)
1022400081,2024,season_not_in_canonical_box(2025-2026 only)
1022400082,2024,season_not_in_canonical_box(2025-2026 only)
1022400083,2024,season_not_in_canonical_box(2025-2026 only)
1022400084,2024,season_not_in_canonical_box(2025-2026 only)
1022400085,2024,season_not_in_canonical_box(2025-2026 only)
1022400086,2024,season_not_in_canonical_box(2025-2026 only)
1022400087,2024,season_not_in_canonical_box(2025-2026 only)
1022400088,2024,season_not_in_canonical_box(2025-2026 only)
1022400089,2024,season_not_in_canonical_box(2025-2026 only)
1022400090,2024,season_not_in_canonical_box(2025-2026 only)
1022400091,2024,season_not_in_canonical_box(2025-2026 only)
1022400092,2024,season_not_in_canonical_box(2025-2026 only)
1022400093,2024,season_not_in_canonical_box(2025-2026 only)
1022400094,2024,season_not_in_canonical_box(2025-2026 only)
1022400095,2024,season_not_in_canonical_box(2025-2026 only)
1022400096,2024,season_not_in_canonical_box(2025-2026 only)
1022400097,2024,season_not_in_canonical_box(2025-2026 only)
1022400098,2024,season_not_in_canonical_box(2025-2026 only)
1022400099,2024,season_not_in_canonical_box(2025-2026 only)
1022400100,2024,season_not_in_canonical_box(2025-2026 only)
1022400101,2024,season_not_in_canonical_box(2025-2026 only)
1022400102,2024,season_not_in_canonical_box(2025-2026 only)
1022400103,2024,season_not_in_canonical_box(2025-2026 only)
1022400104,2024,season_not_in_canonical_box(2025-2026 only)
1022400105,2024,season_not_in_canonical_box(2025-2026 only)
1022400106,2024,season_not_in_canonical_box(2025-2026 only)
1022400107,2024,season_not_in_canonical_box(2025-2026 only)
1022400108,2024,season_not_in_canonical_box(2025-2026 only)
1022400109,2024,season_not_in_canonical_box(2025-2026 only)
1022400110,2024,season_not_in_canonical_box(2025-2026 only)
1022400111,2024,season_not_in_canonical_box(2025-2026 only)
1022400112,2024,season_not_in_canonical_box(2025-2026 only)
1022400113,2024,season_not_in_canonical_box(2025-2026 only)
1022400114,2024,season_not_in_canonical_box(2025-2026 only)
1022400115,2024,season_not_in_canonical_box(2025-2026 only)
1022400116,2024,season_not_in_canonical_box(2025-2026 only)
1022400117,2024,season_not_in_canonical_box(2025-2026 only)
1022400118,2024,season_not_in_canonical_box(2025-2026 only)
1022400119,2024,season_not_in_canonical_box(2025-2026 only)
1022400120,2024,season_not_in_canonical_box(2025-2026 only)
1022400121,2024,season_not_in_canonical_box(2025-2026 only)
1022400122,2024,season_not_in_canonical_box(2025-2026 only)
1022400123,2024,season_not_in_canonical_box(2025-2026 only)
1022400124,2024,season_not_in_canonical_box(2025-2026 only)
1022400125,2024,season_not_in_canonical_box(2025-2026 only)
1022400126,2024,season_not_in_canonical_box(2025-2026 only)
1022400127,2024,season_not_in_canonical_box(2025-2026 only)
1022400128,2024,season_not_in_canonical_box(2025-2026 only)
1022400129,2024,season_not_in_canonical_box(2025-2026 only)
1022400130,2024,season_not_in_canonical_box(2025-2026 only)
1022400131,2024,season_not_in_canonical_box(2025-2026 only)
1022400132,2024,season_not_in_canonical_box(2025-2026 only)
1022400133,2024,season_not_in_canonical_box(2025-2026 only)
1022400134,2024,season_not_in_canonical_box(2025-2026 only)
1022400135,2024,season_not_in_canonical_box(2025-2026 only)
1022400136,2024,season_not_in_canonical_box(2025-2026 only)
1022400137,2024,season_not_in_canonical_box(2025-2026 only)
1022400138,2024,season_not_in_canonical_box(2025-2026 only)
1022400139,2024,season_not_in_canonical_box(2025-2026 only)
1022400140,2024,season_not_in_canonical_box(2025-2026 only)
1022400141,2024,season_not_in_canonical_box(2025-2026 only)
1022400142,2024,season_not_in_canonical_box(2025-2026 only)
1022400143,2024,season_not_in_canonical_box(2025-2026 only)
1022400144,2024,season_not_in_canonical_box(2025-2026 only)
1022400145,2024,season_not_in_canonical_box(2025-2026 only)
1022400146,2024,season_not_in_canonical_box(2025-2026 only)
1022400147,2024,season_not_in_canonical_box(2025-2026 only)
1022400148,2024,season_not_in_canonical_box(2025-2026 only)
1022400149,2024,season_not_in_canonical_box(2025-2026 only)
1022400150,2024,season_not_in_canonical_box(2025-2026 only)
1022400151,2024,season_not_in_canonical_box(2025-2026 only)
1022400152,2024,season_not_in_canonical_box(2025-2026 only)
1022400153,2024,season_not_in_canonical_box(2025-2026 only)
1022400154,2024,season_not_in_canonical_box(2025-2026 only)
1022400155,2024,season_not_in_canonical_box(2025-2026 only)
1022400156,2024,season_not_in_canonical_box(2025-2026 only)
1022400157,2024,season_not_in_canonical_box(2025-2026 only)
1022400158,2024,season_not_in_canonical_box(2025-2026 only)
1022400159,2024,season_not_in_canonical_box(2025-2026 only)
1022400160,2024,season_not_in_canonical_box(2025-2026 only)
1022400161,2024,season_not_in_canonical_box(2025-2026 only)
1022400162,2024,season_not_in_canonical_box(2025-2026 only)
1022400163,2024,season_not_in_canonical_box(2025-2026 only)
1022400164,2024,season_not_in_canonical_box(2025-2026 only)
1022400165,2024,season_not_in_canonical_box(2025-2026 only)
1022400166,2024,season_not_in_canonical_box(2025-2026 only)
1022400167,2024,season_not_in_canonical_box(2025-2026 only)
1022400168,2024,season_not_in_canonical_box(2025-2026 only)
1022400169,2024,season_not_in_canonical_box(2025-2026 only)
1022400170,2024,season_not_in_canonical_box(2025-2026 only)
1022400171,2024,season_not_in_canonical_box(2025-2026 only)
1022400172,2024,season_not_in_canonical_box(2025-2026 only)
1022400173,2024,season_not_in_canonical_box(2025-2026 only)
1022400174,2024,season_not_in_canonical_box(2025-2026 only)
1022400175,2024,season_not_in_canonical_box(2025-2026 only)
1022400176,2024,season_not_in_canonical_box(2025-2026 only)
1022400177,2024,season_not_in_canonical_box(2025-2026 only)
1022400178,2024,season_not_in_canonical_box(2025-2026 only)
1022400179,2024,season_not_in_canonical_box(2025-2026 only)
1022400180,2024,season_not_in_canonical_box(2025-2026 only)
1022400181,2024,season_not_in_canonical_box(2025-2026 only)
1022400182,2024,season_not_in_canonical_box(2025-2026 only)
1022400183,2024,season_not_in_canonical_box(2025-2026 only)
1022400184,2024,season_not_in_canonical_box(2025-2026 only)
1022400185,2024,season_not_in_canonical_box(2025-2026 only)
1022400186,2024,season_not_in_canonical_box(2025-2026 only)
1022400187,2024,season_not_in_canonical_box(2025-2026 only)
1022400188,2024,season_not_in_canonical_box(2025-2026 only)
1022400189,2024,season_not_in_canonical_box(2025-2026 only)
1022400190,2024,season_not_in_canonical_box(2025-2026 only)
1022400191,2024,season_not_in_canonical_box(2025-2026 only)
1022400192,2024,season_not_in_canonical_box(2025-2026 only)
1022400193,2024,season_not_in_canonical_box(2025-2026 only)
1022400194,2024,season_not_in_canonical_box(2025-2026 only)
1022400195,2024,season_not_in_canonical_box(2025-2026 only)
1022400196,2024,season_not_in_canonical_box(2025-2026 only)
1022400197,2024,season_not_in_canonical_box(2025-2026 only)
1022400198,2024,season_not_in_canonical_box(2025-2026 only)
1022400199,2024,season_not_in_canonical_box(2025-2026 only)
1022400200,2024,season_not_in_canonical_box(2025-2026 only)
1022400201,2024,season_not_in_canonical_box(2025-2026 only)
1022400202,2024,season_not_in_canonical_box(2025-2026 only)
1022400203,2024,season_not_in_canonical_box(2025-2026 only)
1022400204,2024,season_not_in_canonical_box(2025-2026 only)
1022400205,2024,season_not_in_canonical_box(2025-2026 only)
1022400206,2024,season_not_in_canonical_box(2025-2026 only)
1022400207,2024,season_not_in_canonical_box(2025-2026 only)
1022400208,2024,season_not_in_canonical_box(2025-2026 only)
1022400209,2024,season_not_in_canonical_box(2025-2026 only)
1022400210,2024,season_not_in_canonical_box(2025-2026 only)
1022400211,2024,season_not_in_canonical_box(2025-2026 only)
1022400212,2024,season_not_in_canonical_box(2025-2026 only)
1022400213,2024,season_not_in_canonical_box(2025-2026 only)
1022400214,2024,season_not_in_canonical_box(2025-2026 only)
1022400215,2024,season_not_in_canonical_box(2025-2026 only)
1022400216,2024,season_not_in_canonical_box(2025-2026 only)
1022400217,2024,season_not_in_canonical_box(2025-2026 only)
1022400218,2024,season_not_in_canonical_box(2025-2026 only)
1022400219,2024,season_not_in_canonical_box(2025-2026 only)
1022400220,2024,season_not_in_canonical_box(2025-2026 only)
1022400221,2024,season_not_in_canonical_box(2025-2026 only)
1022400222,2024,season_not_in_canonical_box(2025-2026 only)
1022400223,2024,season_not_in_canonical_box(2025-2026 only)
1022400224,2024,season_not_in_canonical_box(2025-2026 only)
1022400225,2024,season_not_in_canonical_box(2025-2026 only)
1022400226,2024,season_not_in_canonical_box(2025-2026 only)
1022400227,2024,season_not_in_canonical_box(2025-2026 only)
1022400228,2024,season_not_in_canonical_box(2025-2026 only)
1022400229,2024,season_not_in_canonical_box(2025-2026 only)
1022400230,2024,season_not_in_canonical_box(2025-2026 only)
1022400231,2024,season_not_in_canonical_box(2025-2026 only)
1022400232,2024,season_not_in_canonical_box(2025-2026 only)
1022400233,2024,season_not_in_canonical_box(2025-2026 only)
1022400234,2024,season_not_in_canonical_box(2025-2026 only)
1022400235,2024,season_not_in_canonical_box(2025-2026 only)
1022400236,2024,season_not_in_canonical_box(2025-2026 only)
1022400237,2024,season_not_in_canonical_box(2025-2026 only)
1022400238,2024,season_not_in_canonical_box(2025-2026 only)
1022400239,2024,season_not_in_canonical_box(2025-2026 only)
1022400240,2024,season_not_in_canonical_box(2025-2026 only)
1042100101,2021,season_not_in_canonical_box(2025-2026 only)
1042100111,2021,season_not_in_canonical_box(2025-2026 only)
1042100201,2021,season_not_in_canonical_box(2025-2026 only)
1042100211,2021,season_not_in_canonical_box(2025-2026 only)
1042100301,2021,season_not_in_canonical_box(2025-2026 only)
1042100302,2021,season_not_in_canonical_box(2025-2026 only)
1042100303,2021,season_not_in_canonical_box(2025-2026 only)
1042100304,2021,season_not_in_canonical_box(2025-2026 only)
1042100311,2021,season_not_in_canonical_box(2025-2026 only)
1042100312,2021,season_not_in_canonical_box(2025-2026 only)
1042100313,2021,season_not_in_canonical_box(2025-2026 only)
1042100314,2021,season_not_in_canonical_box(2025-2026 only)
1042100315,2021,season_not_in_canonical_box(2025-2026 only)
1042100401,2021,season_not_in_canonical_box(2025-2026 only)
1042100402,2021,season_not_in_canonical_box(2025-2026 only)
1042100403,2021,season_not_in_canonical_box(2025-2026 only)
1042100404,2021,season_not_in_canonical_box(2025-2026 only)
1042200101,2022,season_not_in_canonical_box(2025-2026 only)
1042200102,2022,season_not_in_canonical_box(2025-2026 only)
1042200111,2022,season_not_in_canonical_box(2025-2026 only)
1042200112,2022,season_not_in_canonical_box(2025-2026 only)
1042200113,2022,season_not_in_canonical_box(2025-2026 only)
1042200121,2022,season_not_in_canonical_box(2025-2026 only)
1042200122,2022,season_not_in_canonical_box(2025-2026 only)
1042200123,2022,season_not_in_canonical_box(2025-2026 only)
1042200131,2022,season_not_in_canonical_box(2025-2026 only)
1042200132,2022,season_not_in_canonical_box(2025-2026 only)
1042200201,2022,season_not_in_canonical_box(2025-2026 only)
1042200202,2022,season_not_in_canonical_box(2025-2026 only)
1042200203,2022,season_not_in_canonical_box(2025-2026 only)
1042200204,2022,season_not_in_canonical_box(2025-2026 only)
1042200211,2022,season_not_in_canonical_box(2025-2026 only)
1042200212,2022,season_not_in_canonical_box(2025-2026 only)
1042200213,2022,season_not_in_canonical_box(2025-2026 only)
1042200214,2022,season_not_in_canonical_box(2025-2026 only)
1042200215,2022,season_not_in_canonical_box(2025-2026 only)
1042200301,2022,season_not_in_canonical_box(2025-2026 only)
1042200302,2022,season_not_in_canonical_box(2025-2026 only)
1042200303,2022,season_not_in_canonical_box(2025-2026 only)
1042200304,2022,season_not_in_canonical_box(2025-2026 only)
1042300101,2023,season_not_in_canonical_box(2025-2026 only)
1042300102,2023,season_not_in_canonical_box(2025-2026 only)
1042300111,2023,season_not_in_canonical_box(2025-2026 only)
1042300112,2023,season_not_in_canonical_box(2025-2026 only)
1042300121,2023,season_not_in_canonical_box(2025-2026 only)
1042300122,2023,season_not_in_canonical_box(2025-2026 only)
1042300123,2023,season_not_in_canonical_box(2025-2026 only)
1042300131,2023,season_not_in_canonical_box(2025-2026 only)
1042300132,2023,season_not_in_canonical_box(2025-2026 only)
1042300201,2023,season_not_in_canonical_box(2025-2026 only)
1042300202,2023,season_not_in_canonical_box(2025-2026 only)
1042300203,2023,season_not_in_canonical_box(2025-2026 only)
1042300211,2023,season_not_in_canonical_box(2025-2026 only)
1042300212,2023,season_not_in_canonical_box(2025-2026 only)
1042300213,2023,season_not_in_canonical_box(2025-2026 only)
1042300214,2023,season_not_in_canonical_box(2025-2026 only)
1042300301,2023,season_not_in_canonical_box(2025-2026 only)
1042300302,2023,season_not_in_canonical_box(2025-2026 only)
1042300303,2023,season_not_in_canonical_box(2025-2026 only)
1042300304,2023,season_not_in_canonical_box(2025-2026 only)
1042400101,2024,season_not_in_canonical_box(2025-2026 only)
1042400102,2024,season_not_in_canonical_box(2025-2026 only)
1042400111,2024,season_not_in_canonical_box(2025-2026 only)
1042400112,2024,season_not_in_canonical_box(2025-2026 only)
1042400121,2024,season_not_in_canonical_box(2025-2026 only)
1042400122,2024,season_not_in_canonical_box(2025-2026 only)
1042400131,2024,season_not_in_canonical_box(2025-2026 only)
1042400132,2024,season_not_in_canonical_box(2025-2026 only)
1042400201,2024,season_not_in_canonical_box(2025-2026 only)
1042400202,2024,season_not_in_canonical_box(2025-2026 only)
1042400203,2024,season_not_in_canonical_box(2025-2026 only)
1042400204,2024,season_not_in_canonical_box(2025-2026 only)
1042400211,2024,season_not_in_canonical_box(2025-2026 only)
1042400212,2024,season_not_in_canonical_box(2025-2026 only)
1042400213,2024,season_not_in_canonical_box(2025-2026 only)
1042400214,2024,season_not_in_canonical_box(2025-2026 only)
1042400215,2024,season_not_in_canonical_box(2025-2026 only)
1042400301,2024,season_not_in_canonical_box(2025-2026 only)
1042400302,2024,season_not_in_canonical_box(2025-2026 only)
1042400303,2024,season_not_in_canonical_box(2025-2026 only)
1042400304,2024,season_not_in_canonical_box(2025-2026 only)
1042400305,2024,season_not_in_canonical_box(2025-2026 only)
