provider_game_id,canonical_game_id,match_method,status
1022100001,,,UNMATCHED_GAME
1022100002,,,UNMATCHED_GAME
1022100003,,,UNMATCHED_GAME
1022100004,,,UNMATCHED_GAME
1022100005,,,UNMATCHED_GAME
1022100006,,,UNMATCHED_GAME
1022100007,,,UNMATCHED_GAME
1022100008,,,UNMATCHED_GAME
1022100009,,,UNMATCHED_GAME
1022100010,,,UNMATCHED_GAME
1022100011,,,UNMATCHED_GAME
1022100012,,,UNMATCHED_GAME
1022100013,,,UNMATCHED_GAME
1022100014,,,UNMATCHED_GAME
1022100015,,,UNMATCHED_GAME
1022100016,,,UNMATCHED_GAME
1022100017,,,UNMATCHED_GAME
1022100018,,,UNMATCHED_GAME
1022100019,,,UNMATCHED_GAME
1022100020,,,UNMATCHED_GAME
1022100021,,,UNMATCHED_GAME
1022100022,,,UNMATCHED_GAME
1022100023,,,UNMATCHED_GAME
1022100024,,,UNMATCHED_GAME
1022100025,,,UNMATCHED_GAME
1022100026,,,UNMATCHED_GAME
1022100027,,,UNMATCHED_GAME
1022100028,,,UNMATCHED_GAME
1022100029,,,UNMATCHED_GAME
1022100030,,,UNMATCHED_GAME
1022100031,,,UNMATCHED_GAME
1022100032,,,UNMATCHED_GAME
1022100033,,,UNMATCHED_GAME
1022100034,,,UNMATCHED_GAME
1022100035,,,UNMATCHED_GAME
1022100036,,,UNMATCHED_GAME
1022100037,,,UNMATCHED_GAME
1022100038,,,UNMATCHED_GAME
1022100039,,,UNMATCHED_GAME
1022100040,,,UNMATCHED_GAME
1022100041,,,UNMATCHED_GAME
1022100042,,,UNMATCHED_GAME
1022100043,,,UNMATCHED_GAME
1022100044,,,UNMATCHED_GAME
1022100045,,,UNMATCHED_GAME
1022100046,,,UNMATCHED_GAME
1022100047,,,UNMATCHED_GAME
1022100048,,,UNMATCHED_GAME
1022100049,,,UNMATCHED_GAME
1022100050,,,UNMATCHED_GAME
1022100051,,,UNMATCHED_GAME
1022100052,,,UNMATCHED_GAME
1022100053,,,UNMATCHED_GAME
1022100054,,,UNMATCHED_GAME
1022100055,,,UNMATCHED_GAME
1022100056,,,UNMATCHED_GAME
1022100057,,,UNMATCHED_GAME
1022100058,,,UNMATCHED_GAME
1022100059,,,UNMATCHED_GAME
1022100060,,,UNMATCHED_GAME
1022100061,,,UNMATCHED_GAME
1022100062,,,UNMATCHED_GAME
1022100063,,,UNMATCHED_GAME
1022100064,,,UNMATCHED_GAME
1022100065,,,UNMATCHED_GAME
1022100066,,,UNMATCHED_GAME
1022100067,,,UNMATCHED_GAME
1022100068,,,UNMATCHED_GAME
1022100069,,,UNMATCHED_GAME
1022100070,,,UNMATCHED_GAME
1022100071,,,UNMATCHED_GAME
1022100072,,,UNMATCHED_GAME
1022100073,,,UNMATCHED_GAME
1022100074,,,UNMATCHED_GAME
1022100075,,,UNMATCHED_GAME
1022100076,,,UNMATCHED_GAME
1022100077,,,UNMATCHED_GAME
1022100078,,,UNMATCHED_GAME
1022100079,,,UNMATCHED_GAME
1022100080,,,UNMATCHED_GAME
1022100081,,,UNMATCHED_GAME
1022100082,,,UNMATCHED_GAME
1022100083,,,UNMATCHED_GAME
1022100084,,,UNMATCHED_GAME
1022100085,,,UNMATCHED_GAME
1022100086,,,UNMATCHED_GAME
1022100087,,,UNMATCHED_GAME
1022100088,,,UNMATCHED_GAME
1022100089,,,UNMATCHED_GAME
1022100090,,,UNMATCHED_GAME
1022100091,,,UNMATCHED_GAME
1022100092,,,UNMATCHED_GAME
1022100093,,,UNMATCHED_GAME
1022100094,,,UNMATCHED_GAME
1022100095,,,UNMATCHED_GAME
1022100096,,,UNMATCHED_GAME
1022100097,,,UNMATCHED_GAME
1022100098,,,UNMATCHED_GAME
1022100099,,,UNMATCHED_GAME
1022100100,,,UNMATCHED_GAME
1022100101,,,UNMATCHED_GAME
1022100102,,,UNMATCHED_GAME
1022100103,,,UNMATCHED_GAME
1022100104,,,UNMATCHED_GAME
1022100105,,,UNMATCHED_GAME
1022100106,,,UNMATCHED_GAME
1022100107,,,UNMATCHED_GAME
1022100108,,,UNMATCHED_GAME
1022100109,,,UNMATCHED_GAME
1022100110,,,UNMATCHED_GAME
1022100111,,,UNMATCHED_GAME
1022100112,,,UNMATCHED_GAME
1022100113,,,UNMATCHED_GAME
1022100114,,,UNMATCHED_GAME
1022100115,,,UNMATCHED_GAME
1022100116,,,UNMATCHED_GAME
1022100117,,,UNMATCHED_GAME
1022100118,,,UNMATCHED_GAME
1022100119,,,UNMATCHED_GAME
1022100120,,,UNMATCHED_GAME
1022100121,,,UNMATCHED_GAME
1022100122,,,UNMATCHED_GAME
1022100123,,,UNMATCHED_GAME
1022100124,,,UNMATCHED_GAME
1022100125,,,UNMATCHED_GAME
1022100126,,,UNMATCHED_GAME
1022100127,,,UNMATCHED_GAME
1022100128,,,UNMATCHED_GAME
1022100129,,,UNMATCHED_GAME
1022100130,,,UNMATCHED_GAME
1022100131,,,UNMATCHED_GAME
1022100132,,,UNMATCHED_GAME
1022100133,,,UNMATCHED_GAME
1022100134,,,UNMATCHED_GAME
1022100135,,,UNMATCHED_GAME
1022100136,,,UNMATCHED_GAME
1022100137,,,UNMATCHED_GAME
1022100138,,,UNMATCHED_GAME
1022100139,,,UNMATCHED_GAME
1022100140,,,UNMATCHED_GAME
1022100141,,,UNMATCHED_GAME
1022100142,,,UNMATCHED_GAME
1022100143,,,UNMATCHED_GAME
1022100144,,,UNMATCHED_GAME
1022100145,,,UNMATCHED_GAME
1022100146,,,UNMATCHED_GAME
1022100147,,,UNMATCHED_GAME
1022100148,,,UNMATCHED_GAME
1022100149,,,UNMATCHED_GAME
1022100150,,,UNMATCHED_GAME
1022100151,,,UNMATCHED_GAME
1022100152,,,UNMATCHED_GAME
1022100153,,,UNMATCHED_GAME
1022100154,,,UNMATCHED_GAME
1022100155,,,UNMATCHED_GAME
1022100156,,,UNMATCHED_GAME
1022100157,,,UNMATCHED_GAME
1022100158,,,UNMATCHED_GAME
1022100159,,,UNMATCHED_GAME
1022100160,,,UNMATCHED_GAME
1022100161,,,UNMATCHED_GAME
1022100162,,,UNMATCHED_GAME
1022100163,,,UNMATCHED_GAME
1022100164,,,UNMATCHED_GAME
1022100165,,,UNMATCHED_GAME
1022100166,,,UNMATCHED_GAME
1022100167,,,UNMATCHED_GAME
1022100168,,,UNMATCHED_GAME
1022100169,,,UNMATCHED_GAME
1022100170,,,UNMATCHED_GAME
1022100171,,,UNMATCHED_GAME
1022100172,,,UNMATCHED_GAME
1022100173,,,UNMATCHED_GAME
1022100174,,,UNMATCHED_GAME
1022100175,,,UNMATCHED_GAME
1022100176,,,UNMATCHED_GAME
1022100177,,,UNMATCHED_GAME
1022100178,,,UNMATCHED_GAME
1022100179,,,UNMATCHED_GAME
1022100180,,,UNMATCHED_GAME
1022100181,,,UNMATCHED_GAME
1022100182,,,UNMATCHED_GAME
1022100183,,,UNMATCHED_GAME
1022100184,,,UNMATCHED_GAME
1022100185,,,UNMATCHED_GAME
1022100186,,,UNMATCHED_GAME
1022100187,,,UNMATCHED_GAME
1022100188,,,UNMATCHED_GAME
1022100189,,,UNMATCHED_GAME
1022100190,,,UNMATCHED_GAME
1022100191,,,UNMATCHED_GAME
1022100192,,,UNMATCHED_GAME
1022200001,,,UNMATCHED_GAME
1022200002,,,UNMATCHED_GAME
1022200003,,,UNMATCHED_GAME
1022200004,,,UNMATCHED_GAME
1022200005,,,UNMATCHED_GAME
1022200006,,,UNMATCHED_GAME
1022200007,,,UNMATCHED_GAME
1022200008,,,UNMATCHED_GAME
1022200009,,,UNMATCHED_GAME
1022200010,,,UNMATCHED_GAME
1022200011,,,UNMATCHED_GAME
1022200012,,,UNMATCHED_GAME
1022200013,,,UNMATCHED_GAME
1022200014,,,UNMATCHED_GAME
1022200015,,,UNMATCHED_GAME
1022200016,,,UNMATCHED_GAME
1022200017,,,UNMATCHED_GAME
1022200018,,,UNMATCHED_GAME
1022200019,,,UNMATCHED_GAME
1022200020,,,UNMATCHED_GAME
1022200021,,,UNMATCHED_GAME
1022200022,,,UNMATCHED_GAME
1022200023,,,UNMATCHED_GAME
1022200024,,,UNMATCHED_GAME
1022200025,,,UNMATCHED_GAME
1022200026,,,UNMATCHED_GAME
1022200027,,,UNMATCHED_GAME
1022200028,,,UNMATCHED_GAME
1022200029,,,UNMATCHED_GAME
1022200030,,,UNMATCHED_GAME
1022200031,,,UNMATCHED_GAME
1022200032,,,UNMATCHED_GAME
1022200033,,,UNMATCHED_GAME
1022200034,,,UNMATCHED_GAME
1022200035,,,UNMATCHED_GAME
1022200036,,,UNMATCHED_GAME
1022200037,,,UNMATCHED_GAME
1022200038,,,UNMATCHED_GAME
1022200039,,,UNMATCHED_GAME
1022200040,,,UNMATCHED_GAME
1022200041,,,UNMATCHED_GAME
1022200042,,,UNMATCHED_GAME
1022200043,,,UNMATCHED_GAME
1022200044,,,UNMATCHED_GAME
1022200045,,,UNMATCHED_GAME
1022200046,,,UNMATCHED_GAME
1022200047,,,UNMATCHED_GAME
1022200048,,,UNMATCHED_GAME
1022200049,,,UNMATCHED_GAME
1022200050,,,UNMATCHED_GAME
1022200051,,,UNMATCHED_GAME
1022200052,,,UNMATCHED_GAME
1022200053,,,UNMATCHED_GAME
1022200054,,,UNMATCHED_GAME
1022200055,,,UNMATCHED_GAME
1022200056,,,UNMATCHED_GAME
1022200057,,,UNMATCHED_GAME
1022200058,,,UNMATCHED_GAME
1022200059,,,UNMATCHED_GAME
1022200060,,,UNMATCHED_GAME
1022200061,,,UNMATCHED_GAME
1022200062,,,UNMATCHED_GAME
1022200063,,,UNMATCHED_GAME
1022200064,,,UNMATCHED_GAME
1022200065,,,UNMATCHED_GAME
1022200066,,,UNMATCHED_GAME
1022200067,,,UNMATCHED_GAME
1022200068,,,UNMATCHED_GAME
1022200069,,,UNMATCHED_GAME
1022200070,,,UNMATCHED_GAME
1022200071,,,UNMATCHED_GAME
1022200072,,,UNMATCHED_GAME
1022200073,,,UNMATCHED_GAME
1022200074,,,UNMATCHED_GAME
1022200075,,,UNMATCHED_GAME
1022200076,,,UNMATCHED_GAME
1022200077,,,UNMATCHED_GAME
1022200078,,,UNMATCHED_GAME
1022200079,,,UNMATCHED_GAME
1022200080,,,UNMATCHED_GAME
1022200081,,,UNMATCHED_GAME
1022200082,,,UNMATCHED_GAME
1022200083,,,UNMATCHED_GAME
1022200084,,,UNMATCHED_GAME
1022200085,,,UNMATCHED_GAME
1022200086,,,UNMATCHED_GAME
1022200087,,,UNMATCHED_GAME
1022200088,,,UNMATCHED_GAME
1022200089,,,UNMATCHED_GAME
1022200090,,,UNMATCHED_GAME
1022200091,,,UNMATCHED_GAME
1022200092,,,UNMATCHED_GAME
1022200093,,,UNMATCHED_GAME
1022200094,,,UNMATCHED_GAME
1022200095,,,UNMATCHED_GAME
1022200096,,,UNMATCHED_GAME
1022200097,,,UNMATCHED_GAME
1022200098,,,UNMATCHED_GAME
1022200099,,,UNMATCHED_GAME
1022200100,,,UNMATCHED_GAME
1022200101,,,UNMATCHED_GAME
1022200102,,,UNMATCHED_GAME
1022200103,,,UNMATCHED_GAME
1022200104,,,UNMATCHED_GAME
1022200105,,,UNMATCHED_GAME
1022200106,,,UNMATCHED_GAME
1022200107,,,UNMATCHED_GAME
1022200108,,,UNMATCHED_GAME
1022200109,,,UNMATCHED_GAME
1022200110,,,UNMATCHED_GAME
1022200111,,,UNMATCHED_GAME
1022200112,,,UNMATCHED_GAME
1022200113,,,UNMATCHED_GAME
1022200114,,,UNMATCHED_GAME
1022200115,,,UNMATCHED_GAME
1022200116,,,UNMATCHED_GAME
1022200117,,,UNMATCHED_GAME
1022200118,,,UNMATCHED_GAME
1022200119,,,UNMATCHED_GAME
1022200120,,,UNMATCHED_GAME
1022200121,,,UNMATCHED_GAME
1022200122,,,UNMATCHED_GAME
1022200123,,,UNMATCHED_GAME
1022200124,,,UNMATCHED_GAME
1022200125,,,UNMATCHED_GAME
1022200126,,,UNMATCHED_GAME
1022200127,,,UNMATCHED_GAME
1022200128,,,UNMATCHED_GAME
1022200129,,,UNMATCHED_GAME
1022200130,,,UNMATCHED_GAME
1022200131,,,UNMATCHED_GAME
1022200132,,,UNMATCHED_GAME
1022200133,,,UNMATCHED_GAME
1022200134,,,UNMATCHED_GAME
1022200135,,,UNMATCHED_GAME
1022200136,,,UNMATCHED_GAME
1022200137,,,UNMATCHED_GAME
1022200138,,,UNMATCHED_GAME
1022200139,,,UNMATCHED_GAME
1022200140,,,UNMATCHED_GAME
1022200141,,,UNMATCHED_GAME
1022200142,,,UNMATCHED_GAME
1022200143,,,UNMATCHED_GAME
1022200144,,,UNMATCHED_GAME
1022200145,,,UNMATCHED_GAME
1022200146,,,UNMATCHED_GAME
1022200147,,,UNMATCHED_GAME
1022200148,,,UNMATCHED_GAME
1022200149,,,UNMATCHED_GAME
1022200150,,,UNMATCHED_GAME
1022200151,,,UNMATCHED_GAME
1022200152,,,UNMATCHED_GAME
1022200153,,,UNMATCHED_GAME
1022200154,,,UNMATCHED_GAME
1022200155,,,UNMATCHED_GAME
1022200156,,,UNMATCHED_GAME
1022200157,,,UNMATCHED_GAME
1022200158,,,UNMATCHED_GAME
1022200159,,,UNMATCHED_GAME
1022200160,,,UNMATCHED_GAME
1022200161,,,UNMATCHED_GAME
1022200162,,,UNMATCHED_GAME
1022200163,,,UNMATCHED_GAME
1022200164,,,UNMATCHED_GAME
1022200165,,,UNMATCHED_GAME
1022200166,,,UNMATCHED_GAME
1022200167,,,UNMATCHED_GAME
1022200168,,,UNMATCHED_GAME
1022200169,,,UNMATCHED_GAME
1022200170,,,UNMATCHED_GAME
1022200171,,,UNMATCHED_GAME
1022200172,,,UNMATCHED_GAME
1022200173,,,UNMATCHED_GAME
1022200174,,,UNMATCHED_GAME
1022200175,,,UNMATCHED_GAME
1022200176,,,UNMATCHED_GAME
1022200177,,,UNMATCHED_GAME
1022200178,,,UNMATCHED_GAME
1022200179,,,UNMATCHED_GAME
1022200180,,,UNMATCHED_GAME
1022200181,,,UNMATCHED_GAME
1022200182,,,UNMATCHED_GAME
1022200183,,,UNMATCHED_GAME
1022200184,,,UNMATCHED_GAME
1022200185,,,UNMATCHED_GAME
1022200186,,,UNMATCHED_GAME
1022200187,,,UNMATCHED_GAME
1022200188,,,UNMATCHED_GAME
1022200189,,,UNMATCHED_GAME
1022200190,,,UNMATCHED_GAME
1022200191,,,UNMATCHED_GAME
1022200192,,,UNMATCHED_GAME
1022200193,,,UNMATCHED_GAME
1022200194,,,UNMATCHED_GAME
1022200195,,,UNMATCHED_GAME
1022200196,,,UNMATCHED_GAME
1022200197,,,UNMATCHED_GAME
1022200198,,,UNMATCHED_GAME
1022200199,,,UNMATCHED_GAME
1022200200,,,UNMATCHED_GAME
1022200201,,,UNMATCHED_GAME
1022200202,,,UNMATCHED_GAME
1022200203,,,UNMATCHED_GAME
1022200204,,,UNMATCHED_GAME
1022200205,,,UNMATCHED_GAME
1022200206,,,UNMATCHED_GAME
1022200207,,,UNMATCHED_GAME
1022200208,,,UNMATCHED_GAME
1022200209,,,UNMATCHED_GAME
1022200210,,,UNMATCHED_GAME
1022200211,,,UNMATCHED_GAME
1022200212,,,UNMATCHED_GAME
1022200213,,,UNMATCHED_GAME
1022200214,,,UNMATCHED_GAME
1022200215,,,UNMATCHED_GAME
1022200216,,,UNMATCHED_GAME
1022300001,,,UNMATCHED_GAME
1022300002,,,UNMATCHED_GAME
1022300003,,,UNMATCHED_GAME
1022300004,,,UNMATCHED_GAME
1022300005,,,UNMATCHED_GAME
1022300006,,,UNMATCHED_GAME
1022300007,,,UNMATCHED_GAME
1022300008,,,UNMATCHED_GAME
1022300009,,,UNMATCHED_GAME
1022300010,,,UNMATCHED_GAME
1022300011,,,UNMATCHED_GAME
1022300012,,,UNMATCHED_GAME
1022300013,,,UNMATCHED_GAME
1022300014,,,UNMATCHED_GAME
1022300015,,,UNMATCHED_GAME
1022300016,,,UNMATCHED_GAME
1022300017,,,UNMATCHED_GAME
1022300018,,,UNMATCHED_GAME
1022300019,,,UNMATCHED_GAME
1022300020,,,UNMATCHED_GAME
1022300021,,,UNMATCHED_GAME
1022300022,,,UNMATCHED_GAME
1022300023,,,UNMATCHED_GAME
1022300024,,,UNMATCHED_GAME
1022300025,,,UNMATCHED_GAME
1022300026,,,UNMATCHED_GAME
1022300027,,,UNMATCHED_GAME
1022300028,,,UNMATCHED_GAME
1022300029,,,UNMATCHED_GAME
1022300030,,,UNMATCHED_GAME
1022300031,,,UNMATCHED_GAME
1022300032,,,UNMATCHED_GAME
1022300033,,,UNMATCHED_GAME
1022300034,,,UNMATCHED_GAME
1022300035,,,UNMATCHED_GAME
1022300036,,,UNMATCHED_GAME
1022300037,,,UNMATCHED_GAME
1022300038,,,UNMATCHED_GAME
1022300039,,,UNMATCHED_GAME
1022300040,,,UNMATCHED_GAME
1022300041,,,UNMATCHED_GAME
1022300042,,,UNMATCHED_GAME
1022300043,,,UNMATCHED_GAME
1022300044,,,UNMATCHED_GAME
1022300045,,,UNMATCHED_GAME
1022300046,,,UNMATCHED_GAME
1022300047,,,UNMATCHED_GAME
1022300048,,,UNMATCHED_GAME
1022300049,,,UNMATCHED_GAME
1022300050,,,UNMATCHED_GAME
1022300051,,,UNMATCHED_GAME
1022300052,,,UNMATCHED_GAME
1022300053,,,UNMATCHED_GAME
1022300054,,,UNMATCHED_GAME
1022300055,,,UNMATCHED_GAME
1022300056,,,UNMATCHED_GAME
1022300057,,,UNMATCHED_GAME
1022300058,,,UNMATCHED_GAME
1022300059,,,UNMATCHED_GAME
1022300060,,,UNMATCHED_GAME
1022300061,,,UNMATCHED_GAME
1022300062,,,UNMATCHED_GAME
1022300063,,,UNMATCHED_GAME
1022300064,,,UNMATCHED_GAME
1022300065,,,UNMATCHED_GAME
1022300066,,,UNMATCHED_GAME
1022300067,,,UNMATCHED_GAME
1022300068,,,UNMATCHED_GAME
1022300069,,,UNMATCHED_GAME
1022300070,,,UNMATCHED_GAME
1022300071,,,UNMATCHED_GAME
1022300072,,,UNMATCHED_GAME
1022300073,,,UNMATCHED_GAME
1022300074,,,UNMATCHED_GAME
1022300075,,,UNMATCHED_GAME
1022300076,,,UNMATCHED_GAME
1022300077,,,UNMATCHED_GAME
1022300078,,,UNMATCHED_GAME
1022300079,,,UNMATCHED_GAME
1022300080,,,UNMATCHED_GAME
1022300081,,,UNMATCHED_GAME
1022300082,,,UNMATCHED_GAME
1022300083,,,UNMATCHED_GAME
1022300084,,,UNMATCHED_GAME
1022300085,,,UNMATCHED_GAME
1022300086,,,UNMATCHED_GAME
1022300087,,,UNMATCHED_GAME
1022300088,,,UNMATCHED_GAME
1022300089,,,UNMATCHED_GAME
1022300090,,,UNMATCHED_GAME
1022300091,,,UNMATCHED_GAME
1022300092,,,UNMATCHED_GAME
1022300093,,,UNMATCHED_GAME
1022300094,,,UNMATCHED_GAME
1022300095,,,UNMATCHED_GAME
1022300096,,,UNMATCHED_GAME
1022300097,,,UNMATCHED_GAME
1022300098,,,UNMATCHED_GAME
1022300099,,,UNMATCHED_GAME
1022300100,,,UNMATCHED_GAME
1022300101,,,UNMATCHED_GAME
1022300102,,,UNMATCHED_GAME
1022300103,,,UNMATCHED_GAME
1022300104,,,UNMATCHED_GAME
1022300105,,,UNMATCHED_GAME
1022300106,,,UNMATCHED_GAME
1022300107,,,UNMATCHED_GAME
1022300108,,,UNMATCHED_GAME
1022300109,,,UNMATCHED_GAME
1022300110,,,UNMATCHED_GAME
1022300111,,,UNMATCHED_GAME
1022300112,,,UNMATCHED_GAME
1022300113,,,UNMATCHED_GAME
1022300114,,,UNMATCHED_GAME
1022300115,,,UNMATCHED_GAME
1022300116,,,UNMATCHED_GAME
1022300117,,,UNMATCHED_GAME
1022300118,,,UNMATCHED_GAME
1022300119,,,UNMATCHED_GAME
1022300120,,,UNMATCHED_GAME
1022300121,,,UNMATCHED_GAME
1022300122,,,UNMATCHED_GAME
1022300123,,,UNMATCHED_GAME
1022300124,,,UNMATCHED_GAME
1022300125,,,UNMATCHED_GAME
1022300126,,,UNMATCHED_GAME
1022300127,,,UNMATCHED_GAME
1022300128,,,UNMATCHED_GAME
1022300129,,,UNMATCHED_GAME
1022300130,,,UNMATCHED_GAME
1022300131,,,UNMATCHED_GAME
1022300132,,,UNMATCHED_GAME
1022300133,,,UNMATCHED_GAME
1022300134,,,UNMATCHED_GAME
1022300135,,,UNMATCHED_GAME
1022300136,,,UNMATCHED_GAME
1022300137,,,UNMATCHED_GAME
1022300138,,,UNMATCHED_GAME
1022300139,,,UNMATCHED_GAME
1022300140,,,UNMATCHED_GAME
1022300141,,,UNMATCHED_GAME
1022300142,,,UNMATCHED_GAME
1022300143,,,UNMATCHED_GAME
1022300144,,,UNMATCHED_GAME
1022300145,,,UNMATCHED_GAME
1022300146,,,UNMATCHED_GAME
1022300147,,,UNMATCHED_GAME
1022300148,,,UNMATCHED_GAME
1022300149,,,UNMATCHED_GAME
1022300150,,,UNMATCHED_GAME
1022300151,,,UNMATCHED_GAME
1022300152,,,UNMATCHED_GAME
1022300153,,,UNMATCHED_GAME
1022300154,,,UNMATCHED_GAME
1022300155,,,UNMATCHED_GAME
1022300156,,,UNMATCHED_GAME
1022300157,,,UNMATCHED_GAME
1022300158,,,UNMATCHED_GAME
1022300159,,,UNMATCHED_GAME
1022300160,,,UNMATCHED_GAME
1022300161,,,UNMATCHED_GAME
1022300162,,,UNMATCHED_GAME
1022300163,,,UNMATCHED_GAME
1022300164,,,UNMATCHED_GAME
1022300165,,,UNMATCHED_GAME
1022300166,,,UNMATCHED_GAME
1022300167,,,UNMATCHED_GAME
1022300168,,,UNMATCHED_GAME
1022300169,,,UNMATCHED_GAME
1022300170,,,UNMATCHED_GAME
1022300171,,,UNMATCHED_GAME
1022300172,,,UNMATCHED_GAME
1022300173,,,UNMATCHED_GAME
1022300174,,,UNMATCHED_GAME
1022300175,,,UNMATCHED_GAME
1022300176,,,UNMATCHED_GAME
1022300177,,,UNMATCHED_GAME
1022300178,,,UNMATCHED_GAME
1022300179,,,UNMATCHED_GAME
1022300180,,,UNMATCHED_GAME
1022300181,,,UNMATCHED_GAME
1022300182,,,UNMATCHED_GAME
1022300183,,,UNMATCHED_GAME
1022300184,,,UNMATCHED_GAME
1022300185,,,UNMATCHED_GAME
1022300186,,,UNMATCHED_GAME
1022300187,,,UNMATCHED_GAME
1022300188,,,UNMATCHED_GAME
1022300189,,,UNMATCHED_GAME
1022300190,,,UNMATCHED_GAME
1022300191,,,UNMATCHED_GAME
1022300192,,,UNMATCHED_GAME
1022300193,,,UNMATCHED_GAME
1022300194,,,UNMATCHED_GAME
1022300195,,,UNMATCHED_GAME
1022300196,,,UNMATCHED_GAME
1022300197,,,UNMATCHED_GAME
1022300198,,,UNMATCHED_GAME
1022300199,,,UNMATCHED_GAME
1022300200,,,UNMATCHED_GAME
1022300201,,,UNMATCHED_GAME
1022300202,,,UNMATCHED_GAME
1022300203,,,UNMATCHED_GAME
1022300204,,,UNMATCHED_GAME
1022300205,,,UNMATCHED_GAME
1022300206,,,UNMATCHED_GAME
1022300207,,,UNMATCHED_GAME
1022300208,,,UNMATCHED_GAME
1022300209,,,UNMATCHED_GAME
1022300210,,,UNMATCHED_GAME
1022300211,,,UNMATCHED_GAME
1022300212,,,UNMATCHED_GAME
1022300213,,,UNMATCHED_GAME
1022300214,,,UNMATCHED_GAME
1022300215,,,UNMATCHED_GAME
1022300216,,,UNMATCHED_GAME
1022300217,,,UNMATCHED_GAME
1022300218,,,UNMATCHED_GAME
1022300219,,,UNMATCHED_GAME
1022300220,,,UNMATCHED_GAME
1022300221,,,UNMATCHED_GAME
1022300222,,,UNMATCHED_GAME
1022300223,,,UNMATCHED_GAME
1022300224,,,UNMATCHED_GAME
1022300225,,,UNMATCHED_GAME
1022300226,,,UNMATCHED_GAME
1022300227,,,UNMATCHED_GAME
1022300228,,,UNMATCHED_GAME
1022300229,,,UNMATCHED_GAME
1022300230,,,UNMATCHED_GAME
1022300231,,,UNMATCHED_GAME
1022300232,,,UNMATCHED_GAME
1022300233,,,UNMATCHED_GAME
1022300234,,,UNMATCHED_GAME
1022300235,,,UNMATCHED_GAME
1022300236,,,UNMATCHED_GAME
1022300237,,,UNMATCHED_GAME
1022300238,,,UNMATCHED_GAME
1022300239,,,UNMATCHED_GAME
1022300240,,,UNMATCHED_GAME
1022400001,,,UNMATCHED_GAME
1022400002,,,UNMATCHED_GAME
1022400003,,,UNMATCHED_GAME
1022400004,,,UNMATCHED_GAME
1022400005,,,UNMATCHED_GAME
1022400006,,,UNMATCHED_GAME
1022400007,,,UNMATCHED_GAME
1022400008,,,UNMATCHED_GAME
1022400009,,,UNMATCHED_GAME
1022400010,,,UNMATCHED_GAME
1022400011,,,UNMATCHED_GAME
1022400012,,,UNMATCHED_GAME
1022400013,,,UNMATCHED_GAME
1022400014,,,UNMATCHED_GAME
1022400015,,,UNMATCHED_GAME
1022400016,,,UNMATCHED_GAME
1022400017,,,UNMATCHED_GAME
1022400018,,,UNMATCHED_GAME
1022400019,,,UNMATCHED_GAME
1022400020,,,UNMATCHED_GAME
1022400021,,,UNMATCHED_GAME
1022400022,,,UNMATCHED_GAME
1022400023,,,UNMATCHED_GAME
1022400024,,,UNMATCHED_GAME
1022400025,,,UNMATCHED_GAME
1022400026,,,UNMATCHED_GAME
1022400027,,,UNMATCHED_GAME
1022400028,,,UNMATCHED_GAME
1022400029,,,UNMATCHED_GAME
1022400030,,,UNMATCHED_GAME
1022400031,,,UNMATCHED_GAME
1022400032,,,UNMATCHED_GAME
1022400033,,,UNMATCHED_GAME
1022400034,,,UNMATCHED_GAME
1022400035,,,UNMATCHED_GAME
1022400036,,,UNMATCHED_GAME
1022400037,,,UNMATCHED_GAME
1022400038,,,UNMATCHED_GAME
1022400039,,,UNMATCHED_GAME
1022400040,,,UNMATCHED_GAME
1022400041,,,UNMATCHED_GAME
1022400042,,,UNMATCHED_GAME
1022400043,,,UNMATCHED_GAME
1022400044,,,UNMATCHED_GAME
1022400045,,,UNMATCHED_GAME
1022400046,,,UNMATCHED_GAME
1022400047,,,UNMATCHED_GAME
1022400048,,,UNMATCHED_GAME
1022400049,,,UNMATCHED_GAME
1022400050,,,UNMATCHED_GAME
1022400051,,,UNMATCHED_GAME
1022400052,,,UNMATCHED_GAME
1022400053,,,UNMATCHED_GAME
1022400054,,,UNMATCHED_GAME
1022400055,,,UNMATCHED_GAME
1022400056,,,UNMATCHED_GAME
1022400057,,,UNMATCHED_GAME
1022400058,,,UNMATCHED_GAME
1022400059,,,UNMATCHED_GAME
1022400060,,,UNMATCHED_GAME
1022400061,,,UNMATCHED_GAME
1022400062,,,UNMATCHED_GAME
1022400063,,,UNMATCHED_GAME
1022400064,,,UNMATCHED_GAME
1022400065,,,UNMATCHED_GAME
1022400066,,,UNMATCHED_GAME
1022400067,,,UNMATCHED_GAME
1022400068,,,UNMATCHED_GAME
1022400069,,,UNMATCHED_GAME
1022400070,,,UNMATCHED_GAME
1022400071,,,UNMATCHED_GAME
1022400072,,,UNMATCHED_GAME
1022400073,,,UNMATCHED_GAME
1022400074,,,UNMATCHED_GAME
1022400075,,,UNMATCHED_GAME
1022400076,,,UNMATCHED_GAME
1022400077,,,UNMATCHED_GAME
1022400078,,,UNMATCHED_GAME
1022400079,,,UNMATCHED_GAME
1022400080,,,UNMATCHED_GAME
1022400081,,,UNMATCHED_GAME
1022400082,,,UNMATCHED_GAME
1022400083,,,UNMATCHED_GAME
1022400084,,,UNMATCHED_GAME
1022400085,,,UNMATCHED_GAME
1022400086,,,UNMATCHED_GAME
1022400087,,,UNMATCHED_GAME
1022400088,,,UNMATCHED_GAME
1022400089,,,UNMATCHED_GAME
1022400090,,,UNMATCHED_GAME
1022400091,,,UNMATCHED_GAME
1022400092,,,UNMATCHED_GAME
1022400093,,,UNMATCHED_GAME
1022400094,,,UNMATCHED_GAME
1022400095,,,UNMATCHED_GAME
1022400096,,,UNMATCHED_GAME
1022400097,,,UNMATCHED_GAME
1022400098,,,UNMATCHED_GAME
1022400099,,,UNMATCHED_GAME
1022400100,,,UNMATCHED_GAME
1022400101,,,UNMATCHED_GAME
1022400102,,,UNMATCHED_GAME
1022400103,,,UNMATCHED_GAME
1022400104,,,UNMATCHED_GAME
1022400105,,,UNMATCHED_GAME
1022400106,,,UNMATCHED_GAME
1022400107,,,UNMATCHED_GAME
1022400108,,,UNMATCHED_GAME
1022400109,,,UNMATCHED_GAME
1022400110,,,UNMATCHED_GAME
1022400111,,,UNMATCHED_GAME
1022400112,,,UNMATCHED_GAME
1022400113,,,UNMATCHED_GAME
1022400114,,,UNMATCHED_GAME
1022400115,,,UNMATCHED_GAME
1022400116,,,UNMATCHED_GAME
1022400117,,,UNMATCHED_GAME
1022400118,,,UNMATCHED_GAME
1022400119,,,UNMATCHED_GAME
1022400120,,,UNMATCHED_GAME
1022400121,,,UNMATCHED_GAME
1022400122,,,UNMATCHED_GAME
1022400123,,,UNMATCHED_GAME
1022400124,,,UNMATCHED_GAME
1022400125,,,UNMATCHED_GAME
1022400126,,,UNMATCHED_GAME
1022400127,,,UNMATCHED_GAME
1022400128,,,UNMATCHED_GAME
1022400129,,,UNMATCHED_GAME
1022400130,,,UNMATCHED_GAME
1022400131,,,UNMATCHED_GAME
1022400132,,,UNMATCHED_GAME
1022400133,,,UNMATCHED_GAME
1022400134,,,UNMATCHED_GAME
1022400135,,,UNMATCHED_GAME
1022400136,,,UNMATCHED_GAME
1022400137,,,UNMATCHED_GAME
1022400138,,,UNMATCHED_GAME
1022400139,,,UNMATCHED_GAME
1022400140,,,UNMATCHED_GAME
1022400141,,,UNMATCHED_GAME
1022400142,,,UNMATCHED_GAME
1022400143,,,UNMATCHED_GAME
1022400144,,,UNMATCHED_GAME
1022400145,,,UNMATCHED_GAME
1022400146,,,UNMATCHED_GAME
1022400147,,,UNMATCHED_GAME
1022400148,,,UNMATCHED_GAME
1022400149,,,UNMATCHED_GAME
1022400150,,,UNMATCHED_GAME
1022400151,,,UNMATCHED_GAME
1022400152,,,UNMATCHED_GAME
1022400153,,,UNMATCHED_GAME
1022400154,,,UNMATCHED_GAME
1022400155,,,UNMATCHED_GAME
1022400156,,,UNMATCHED_GAME
1022400157,,,UNMATCHED_GAME
1022400158,,,UNMATCHED_GAME
1022400159,,,UNMATCHED_GAME
1022400160,,,UNMATCHED_GAME
1022400161,,,UNMATCHED_GAME
1022400162,,,UNMATCHED_GAME
1022400163,,,UNMATCHED_GAME
1022400164,,,UNMATCHED_GAME
1022400165,,,UNMATCHED_GAME
1022400166,,,UNMATCHED_GAME
1022400167,,,UNMATCHED_GAME
1022400168,,,UNMATCHED_GAME
1022400169,,,UNMATCHED_GAME
1022400170,,,UNMATCHED_GAME
1022400171,,,UNMATCHED_GAME
1022400172,,,UNMATCHED_GAME
1022400173,,,UNMATCHED_GAME
1022400174,,,UNMATCHED_GAME
1022400175,,,UNMATCHED_GAME
1022400176,,,UNMATCHED_GAME
1022400177,,,UNMATCHED_GAME
1022400178,,,UNMATCHED_GAME
1022400179,,,UNMATCHED_GAME
1022400180,,,UNMATCHED_GAME
1022400181,,,UNMATCHED_GAME
1022400182,,,UNMATCHED_GAME
1022400183,,,UNMATCHED_GAME
1022400184,,,UNMATCHED_GAME
1022400185,,,UNMATCHED_GAME
1022400186,,,UNMATCHED_GAME
1022400187,,,UNMATCHED_GAME
1022400188,,,UNMATCHED_GAME
1022400189,,,UNMATCHED_GAME
1022400190,,,UNMATCHED_GAME
1022400191,,,UNMATCHED_GAME
1022400192,,,UNMATCHED_GAME
1022400193,,,UNMATCHED_GAME
1022400194,,,UNMATCHED_GAME
1022400195,,,UNMATCHED_GAME
1022400196,,,UNMATCHED_GAME
1022400197,,,UNMATCHED_GAME
1022400198,,,UNMATCHED_GAME
1022400199,,,UNMATCHED_GAME
1022400200,,,UNMATCHED_GAME
1022400201,,,UNMATCHED_GAME
1022400202,,,UNMATCHED_GAME
1022400203,,,UNMATCHED_GAME
1022400204,,,UNMATCHED_GAME
1022400205,,,UNMATCHED_GAME
1022400206,,,UNMATCHED_GAME
1022400207,,,UNMATCHED_GAME
1022400208,,,UNMATCHED_GAME
1022400209,,,UNMATCHED_GAME
1022400210,,,UNMATCHED_GAME
1022400211,,,UNMATCHED_GAME
1022400212,,,UNMATCHED_GAME
1022400213,,,UNMATCHED_GAME
1022400214,,,UNMATCHED_GAME
1022400215,,,UNMATCHED_GAME
1022400216,,,UNMATCHED_GAME
1022400217,,,UNMATCHED_GAME
1022400218,,,UNMATCHED_GAME
1022400219,,,UNMATCHED_GAME
1022400220,,,UNMATCHED_GAME
1022400221,,,UNMATCHED_GAME
1022400222,,,UNMATCHED_GAME
1022400223,,,UNMATCHED_GAME
1022400224,,,UNMATCHED_GAME
1022400225,,,UNMATCHED_GAME
1022400226,,,UNMATCHED_GAME
1022400227,,,UNMATCHED_GAME
1022400228,,,UNMATCHED_GAME
1022400229,,,UNMATCHED_GAME
1022400230,,,UNMATCHED_GAME
1022400231,,,UNMATCHED_GAME
1022400232,,,UNMATCHED_GAME
1022400233,,,UNMATCHED_GAME
1022400234,,,UNMATCHED_GAME
1022400235,,,UNMATCHED_GAME
1022400236,,,UNMATCHED_GAME
1022400237,,,UNMATCHED_GAME
1022400238,,,UNMATCHED_GAME
1022400239,,,UNMATCHED_GAME
1022400240,,,UNMATCHED_GAME
1022500001,,,UNMATCHED_GAME
1022500002,,,UNMATCHED_GAME
1022500003,,,UNMATCHED_GAME
1022500004,,,UNMATCHED_GAME
1022500005,,,UNMATCHED_GAME
1022500006,,,UNMATCHED_GAME
1022500007,,,UNMATCHED_GAME
1022500008,,,UNMATCHED_GAME
1022500009,,,UNMATCHED_GAME
1022500010,,,UNMATCHED_GAME
1022500011,,,UNMATCHED_GAME
1022500012,,,UNMATCHED_GAME
1022500013,,,UNMATCHED_GAME
1022500014,,,UNMATCHED_GAME
1022500015,,,UNMATCHED_GAME
1022500016,,,UNMATCHED_GAME
1022500017,,,UNMATCHED_GAME
1022500018,,,UNMATCHED_GAME
1022500019,,,UNMATCHED_GAME
1022500020,,,UNMATCHED_GAME
1022500021,,,UNMATCHED_GAME
1022500022,,,UNMATCHED_GAME
1022500023,,,UNMATCHED_GAME
1022500024,,,UNMATCHED_GAME
1022500025,,,UNMATCHED_GAME
1022500026,,,UNMATCHED_GAME
1022500027,,,UNMATCHED_GAME
1022500028,,,UNMATCHED_GAME
1022500029,,,UNMATCHED_GAME
1022500030,,,UNMATCHED_GAME
1022500031,,,UNMATCHED_GAME
1022500032,,,UNMATCHED_GAME
1022500033,,,UNMATCHED_GAME
1022500034,,,UNMATCHED_GAME
1022500035,,,UNMATCHED_GAME
1022500036,,,UNMATCHED_GAME
1022500037,,,UNMATCHED_GAME
1022500038,,,UNMATCHED_GAME
1022500039,,,UNMATCHED_GAME
1022500040,,,UNMATCHED_GAME
1022500041,,,UNMATCHED_GAME
1022500042,,,UNMATCHED_GAME
1022500043,,,UNMATCHED_GAME
1022500044,,,UNMATCHED_GAME
1022500045,,,UNMATCHED_GAME
1022500046,,,UNMATCHED_GAME
1022500047,,,UNMATCHED_GAME
1022500048,,,UNMATCHED_GAME
1022500049,,,UNMATCHED_GAME
1022500050,,,UNMATCHED_GAME
1022500051,,,UNMATCHED_GAME
1022500052,,,UNMATCHED_GAME
1022500053,,,UNMATCHED_GAME
1022500054,,,UNMATCHED_GAME
1022500055,,,UNMATCHED_GAME
1022500056,,,UNMATCHED_GAME
1022500057,,,UNMATCHED_GAME
1022500058,,,UNMATCHED_GAME
1022500059,,,UNMATCHED_GAME
1022500060,,,UNMATCHED_GAME
1022500061,,,UNMATCHED_GAME
1022500062,,,UNMATCHED_GAME
1022500063,,,UNMATCHED_GAME
1022500064,,,UNMATCHED_GAME
1022500065,,,UNMATCHED_GAME
1022500066,,,UNMATCHED_GAME
1022500067,,,UNMATCHED_GAME
1022500068,,,UNMATCHED_GAME
1022500069,,,UNMATCHED_GAME
1022500070,,,UNMATCHED_GAME
1022500071,,,UNMATCHED_GAME
1022500072,,,UNMATCHED_GAME
1022500073,,,UNMATCHED_GAME
1022500074,,,UNMATCHED_GAME
1022500075,,,UNMATCHED_GAME
1022500076,,,UNMATCHED_GAME
1022500077,,,UNMATCHED_GAME
1022500078,,,UNMATCHED_GAME
1022500079,,,UNMATCHED_GAME
1022500080,,,UNMATCHED_GAME
1022500081,,,UNMATCHED_GAME
1022500082,,,UNMATCHED_GAME
1022500083,,,UNMATCHED_GAME
1022500084,,,UNMATCHED_GAME
1022500085,,,UNMATCHED_GAME
1022500086,,,UNMATCHED_GAME
1022500087,,,UNMATCHED_GAME
1022500088,,,UNMATCHED_GAME
1022500089,,,UNMATCHED_GAME
1022500090,,,UNMATCHED_GAME
1022500091,,,UNMATCHED_GAME
1022500092,,,UNMATCHED_GAME
1022500093,,,UNMATCHED_GAME
1022500094,,,UNMATCHED_GAME
1022500095,,,UNMATCHED_GAME
1022500096,,,UNMATCHED_GAME
1022500097,,,UNMATCHED_GAME
1022500098,,,UNMATCHED_GAME
1022500099,,,UNMATCHED_GAME
1022500100,,,UNMATCHED_GAME
1022500101,,,UNMATCHED_GAME
1022500102,,,UNMATCHED_GAME
1022500103,,,UNMATCHED_GAME
1022500104,,,UNMATCHED_GAME
1022500105,,,UNMATCHED_GAME
1022500106,,,UNMATCHED_GAME
1022500107,,,UNMATCHED_GAME
1022500108,,,UNMATCHED_GAME
1022500109,,,UNMATCHED_GAME
1022500110,,,UNMATCHED_GAME
1022500111,,,UNMATCHED_GAME
1022500112,,,UNMATCHED_GAME
1022500113,,,UNMATCHED_GAME
1022500114,,,UNMATCHED_GAME
1022500115,,,UNMATCHED_GAME
1022500116,,,UNMATCHED_GAME
1022500117,,,UNMATCHED_GAME
1022500118,,,UNMATCHED_GAME
1022500119,,,UNMATCHED_GAME
1022500120,,,UNMATCHED_GAME
1022500121,,,UNMATCHED_GAME
1022500122,,,UNMATCHED_GAME
1022500123,,,UNMATCHED_GAME
1022500124,,,UNMATCHED_GAME
1022500125,,,UNMATCHED_GAME
1022500126,,,UNMATCHED_GAME
1022500127,,,UNMATCHED_GAME
1022500128,,,UNMATCHED_GAME
1022500129,,,UNMATCHED_GAME
1022500130,,,UNMATCHED_GAME
1022500131,,,UNMATCHED_GAME
1022500132,,,UNMATCHED_GAME
1022500133,,,UNMATCHED_GAME
1022500134,,,UNMATCHED_GAME
1022500135,,,UNMATCHED_GAME
1022500136,,,UNMATCHED_GAME
1022500137,,,UNMATCHED_GAME
1022500138,,,UNMATCHED_GAME
1022500139,,,UNMATCHED_GAME
1022500140,,,UNMATCHED_GAME
1022500141,,,UNMATCHED_GAME
1022500142,,,UNMATCHED_GAME
1022500143,,,UNMATCHED_GAME
1022500144,,,UNMATCHED_GAME
1022500145,,,UNMATCHED_GAME
1022500146,,,UNMATCHED_GAME
1022500147,,,UNMATCHED_GAME
1022500148,,,UNMATCHED_GAME
1022500149,,,UNMATCHED_GAME
1022500150,,,UNMATCHED_GAME
1022500151,,,UNMATCHED_GAME
1022500152,,,UNMATCHED_GAME
1022500153,,,UNMATCHED_GAME
1022500154,,,UNMATCHED_GAME
1022500155,,,UNMATCHED_GAME
1022500156,,,UNMATCHED_GAME
1022500157,,,UNMATCHED_GAME
1022500158,,,UNMATCHED_GAME
1022500159,,,UNMATCHED_GAME
1022500160,,,UNMATCHED_GAME
1022500161,,,UNMATCHED_GAME
1022500162,,,UNMATCHED_GAME
1022500163,,,UNMATCHED_GAME
1022500164,,,UNMATCHED_GAME
1022500165,,,UNMATCHED_GAME
1022500166,,,UNMATCHED_GAME
1022500167,,,UNMATCHED_GAME
1022500168,,,UNMATCHED_GAME
1022500169,,,UNMATCHED_GAME
1022500170,,,UNMATCHED_GAME
1022500171,,,UNMATCHED_GAME
1022500172,,,UNMATCHED_GAME
1022500173,,,UNMATCHED_GAME
1022500174,,,UNMATCHED_GAME
1022500175,,,UNMATCHED_GAME
1022500176,,,UNMATCHED_GAME
1022500177,,,UNMATCHED_GAME
1022500178,,,UNMATCHED_GAME
1022500179,,,UNMATCHED_GAME
1022500180,,,UNMATCHED_GAME
1022500181,,,UNMATCHED_GAME
1022500182,,,UNMATCHED_GAME
1022500183,,,UNMATCHED_GAME
1022500184,,,UNMATCHED_GAME
1022500185,,,UNMATCHED_GAME
1022500186,,,UNMATCHED_GAME
1022500187,,,UNMATCHED_GAME
1022500188,,,UNMATCHED_GAME
1022500189,,,UNMATCHED_GAME
1022500190,,,UNMATCHED_GAME
1022500191,,,UNMATCHED_GAME
1022500192,,,UNMATCHED_GAME
1022500193,,,UNMATCHED_GAME
1022500194,,,UNMATCHED_GAME
1022500195,,,UNMATCHED_GAME
1022500196,,,UNMATCHED_GAME
1022500197,,,UNMATCHED_GAME
1022500198,,,UNMATCHED_GAME
1022500199,,,UNMATCHED_GAME
1022500200,,,UNMATCHED_GAME
1022500201,,,UNMATCHED_GAME
1022500202,,,UNMATCHED_GAME
1022500203,,,UNMATCHED_GAME
1022500204,,,UNMATCHED_GAME
1022500205,,,UNMATCHED_GAME
1022500206,,,UNMATCHED_GAME
1022500207,,,UNMATCHED_GAME
1022500208,,,UNMATCHED_GAME
1022500209,,,UNMATCHED_GAME
1022500210,,,UNMATCHED_GAME
1022500211,,,UNMATCHED_GAME
1022500212,,,UNMATCHED_GAME
1022500213,,,UNMATCHED_GAME
1022500214,,,UNMATCHED_GAME
1022500215,,,UNMATCHED_GAME
1022500216,,,UNMATCHED_GAME
1022500217,,,UNMATCHED_GAME
1022500218,,,UNMATCHED_GAME
1022500219,,,UNMATCHED_GAME
1022500220,,,UNMATCHED_GAME
1022500221,,,UNMATCHED_GAME
1022500222,,,UNMATCHED_GAME
1022500223,,,UNMATCHED_GAME
1022500224,,,UNMATCHED_GAME
1022500225,,,UNMATCHED_GAME
1022500226,,,UNMATCHED_GAME
1022500227,,,UNMATCHED_GAME
1022500228,,,UNMATCHED_GAME
1022500229,,,UNMATCHED_GAME
1022500230,,,UNMATCHED_GAME
1022500231,,,UNMATCHED_GAME
1022500232,,,UNMATCHED_GAME
1022500233,,,UNMATCHED_GAME
1022500234,,,UNMATCHED_GAME
1022500235,,,UNMATCHED_GAME
1022500236,,,UNMATCHED_GAME
1022500237,,,UNMATCHED_GAME
1022500238,,,UNMATCHED_GAME
1022500239,,,UNMATCHED_GAME
1022500240,,,UNMATCHED_GAME
1022500241,,,UNMATCHED_GAME
1022500242,,,UNMATCHED_GAME
1022500243,,,UNMATCHED_GAME
1022500244,,,UNMATCHED_GAME
1022500245,,,UNMATCHED_GAME
1022500246,,,UNMATCHED_GAME
1022500247,,,UNMATCHED_GAME
1022500248,,,UNMATCHED_GAME
1022500249,,,UNMATCHED_GAME
1022500250,,,UNMATCHED_GAME
1022500251,,,UNMATCHED_GAME
1022500252,,,UNMATCHED_GAME
1022500253,,,UNMATCHED_GAME
1022500254,,,UNMATCHED_GAME
1022500255,,,UNMATCHED_GAME
1022500256,,,UNMATCHED_GAME
1022500257,,,UNMATCHED_GAME
1022500258,,,UNMATCHED_GAME
1022500259,,,UNMATCHED_GAME
1022500260,,,UNMATCHED_GAME
1022500261,,,UNMATCHED_GAME
1022500262,,,UNMATCHED_GAME
1022500263,,,UNMATCHED_GAME
1022500264,,,UNMATCHED_GAME
1022500265,,,UNMATCHED_GAME
1022500266,,,UNMATCHED_GAME
1022500267,,,UNMATCHED_GAME
1022500268,,,UNMATCHED_GAME
1022500269,,,UNMATCHED_GAME
1022500270,,,UNMATCHED_GAME
1022500271,,,UNMATCHED_GAME
1022500272,,,UNMATCHED_GAME
1022500273,,,UNMATCHED_GAME
1022500274,,,UNMATCHED_GAME
1022500275,,,UNMATCHED_GAME
1022500276,,,UNMATCHED_GAME
1022500277,,,UNMATCHED_GAME
1022500278,,,UNMATCHED_GAME
1022500279,,,UNMATCHED_GAME
1022500280,,,UNMATCHED_GAME
1022500281,,,UNMATCHED_GAME
1022500282,,,UNMATCHED_GAME
1022500283,,,UNMATCHED_GAME
1022500284,,,UNMATCHED_GAME
1022500285,,,UNMATCHED_GAME
1022500286,,,UNMATCHED_GAME
1022600001,,,UNMATCHED_GAME
1022600002,,,UNMATCHED_GAME
1022600003,,,UNMATCHED_GAME
1022600004,,,UNMATCHED_GAME
1022600005,,,UNMATCHED_GAME
1022600006,,,UNMATCHED_GAME
1022600007,,,UNMATCHED_GAME
1022600008,,,UNMATCHED_GAME
1022600009,,,UNMATCHED_GAME
1022600010,,,UNMATCHED_GAME
1022600011,,,UNMATCHED_GAME
1022600012,,,UNMATCHED_GAME
1022600013,,,UNMATCHED_GAME
1022600014,,,UNMATCHED_GAME
1022600015,,,UNMATCHED_GAME
1022600016,,,UNMATCHED_GAME
1022600017,,,UNMATCHED_GAME
1022600018,,,UNMATCHED_GAME
1022600019,,,UNMATCHED_GAME
1022600020,,,UNMATCHED_GAME
1022600021,,,UNMATCHED_GAME
1022600022,,,UNMATCHED_GAME
1022600023,,,UNMATCHED_GAME
1022600024,,,UNMATCHED_GAME
1022600025,,,UNMATCHED_GAME
1022600026,,,UNMATCHED_GAME
1022600027,,,UNMATCHED_GAME
1022600028,,,UNMATCHED_GAME
1022600029,,,UNMATCHED_GAME
1022600030,,,UNMATCHED_GAME
1022600031,,,UNMATCHED_GAME
1022600032,,,UNMATCHED_GAME
1022600033,,,UNMATCHED_GAME
1022600034,,,UNMATCHED_GAME
1022600035,,,UNMATCHED_GAME
1022600036,,,UNMATCHED_GAME
1022600037,,,UNMATCHED_GAME
1022600038,,,UNMATCHED_GAME
1022600039,,,UNMATCHED_GAME
1022600040,,,UNMATCHED_GAME
1022600041,,,UNMATCHED_GAME
1022600042,,,UNMATCHED_GAME
1022600043,,,UNMATCHED_GAME
1022600044,,,UNMATCHED_GAME
1022600045,,,UNMATCHED_GAME
1022600046,,,UNMATCHED_GAME
1022600047,,,UNMATCHED_GAME
1022600048,,,UNMATCHED_GAME
1022600049,,,UNMATCHED_GAME
1022600050,,,UNMATCHED_GAME
1022600051,,,UNMATCHED_GAME
1022600052,,,UNMATCHED_GAME
1022600053,,,UNMATCHED_GAME
1022600054,,,UNMATCHED_GAME
1022600055,,,UNMATCHED_GAME
1022600056,,,UNMATCHED_GAME
1022600057,,,UNMATCHED_GAME
1022600058,,,UNMATCHED_GAME
1022600059,,,UNMATCHED_GAME
1022600060,,,UNMATCHED_GAME
1022600061,,,UNMATCHED_GAME
1022600062,,,UNMATCHED_GAME
1022600063,,,UNMATCHED_GAME
1022600064,,,UNMATCHED_GAME
1022600065,,,UNMATCHED_GAME
1022600066,,,UNMATCHED_GAME
1022600067,,,UNMATCHED_GAME
1022600068,,,UNMATCHED_GAME
1022600069,,,UNMATCHED_GAME
1022600070,,,UNMATCHED_GAME
1022600071,,,UNMATCHED_GAME
1022600072,,,UNMATCHED_GAME
1022600073,,,UNMATCHED_GAME
1022600074,,,UNMATCHED_GAME
1022600075,,,UNMATCHED_GAME
1022600076,,,UNMATCHED_GAME
1022600077,,,UNMATCHED_GAME
1022600078,,,UNMATCHED_GAME
1022600079,,,UNMATCHED_GAME
1022600080,,,UNMATCHED_GAME
1022600081,,,UNMATCHED_GAME
1022600082,,,UNMATCHED_GAME
1022600083,,,UNMATCHED_GAME
1022600084,,,UNMATCHED_GAME
1022600085,,,UNMATCHED_GAME
1022600086,,,UNMATCHED_GAME
1022600087,,,UNMATCHED_GAME
1022600088,,,UNMATCHED_GAME
1022600089,,,UNMATCHED_GAME
1022600090,,,UNMATCHED_GAME
1022600091,,,UNMATCHED_GAME
1022600092,,,UNMATCHED_GAME
1022600093,,,UNMATCHED_GAME
1022600094,,,UNMATCHED_GAME
1022600095,,,UNMATCHED_GAME
1022600096,,,UNMATCHED_GAME
1022600097,,,UNMATCHED_GAME
1022600098,,,UNMATCHED_GAME
1022600099,,,UNMATCHED_GAME
1022600100,,,UNMATCHED_GAME
1022600101,,,UNMATCHED_GAME
1022600102,,,UNMATCHED_GAME
1022600103,,,UNMATCHED_GAME
1022600104,,,UNMATCHED_GAME
1022600105,,,UNMATCHED_GAME
1022600106,,,UNMATCHED_GAME
1022600107,,,UNMATCHED_GAME
1022600108,,,UNMATCHED_GAME
1022600109,,,UNMATCHED_GAME
1022600110,,,UNMATCHED_GAME
1022600111,,,UNMATCHED_GAME
1022600112,,,UNMATCHED_GAME
1022600113,,,UNMATCHED_GAME
1022600114,,,UNMATCHED_GAME
1022600115,,,UNMATCHED_GAME
1022600116,,,UNMATCHED_GAME
1022600117,,,UNMATCHED_GAME
1022600118,,,UNMATCHED_GAME
1022600119,,,UNMATCHED_GAME
1022600120,,,UNMATCHED_GAME
1022600121,,,UNMATCHED_GAME
1022600122,,,UNMATCHED_GAME
1022600123,,,UNMATCHED_GAME
1022600124,,,UNMATCHED_GAME
1022600125,,,UNMATCHED_GAME
1022600126,,,UNMATCHED_GAME
1022600127,,,UNMATCHED_GAME
1022600128,,,UNMATCHED_GAME
1022600129,,,UNMATCHED_GAME
1022600130,,,UNMATCHED_GAME
1022600131,,,UNMATCHED_GAME
1022600132,,,UNMATCHED_GAME
1022600133,,,UNMATCHED_GAME
1022600134,,,UNMATCHED_GAME
1022600135,,,UNMATCHED_GAME
1022600136,,,UNMATCHED_GAME
1022600137,,,UNMATCHED_GAME
1022600138,,,UNMATCHED_GAME
1022600139,,,UNMATCHED_GAME
1022600140,,,UNMATCHED_GAME
1022600141,,,UNMATCHED_GAME
1022600142,,,UNMATCHED_GAME
1022600143,,,UNMATCHED_GAME
1022600144,,,UNMATCHED_GAME
1022600145,,,UNMATCHED_GAME
1022600146,,,UNMATCHED_GAME
1022600147,,,UNMATCHED_GAME
1022600148,,,UNMATCHED_GAME
1022600149,,,UNMATCHED_GAME
1022600150,,,UNMATCHED_GAME
1022600151,,,UNMATCHED_GAME
1022600152,,,UNMATCHED_GAME
1022600153,,,UNMATCHED_GAME
1022600154,,,UNMATCHED_GAME
1022600155,,,UNMATCHED_GAME
1022600156,,,UNMATCHED_GAME
1022600157,,,UNMATCHED_GAME
1022600158,,,UNMATCHED_GAME
1022600159,,,UNMATCHED_GAME
1022600160,,,UNMATCHED_GAME
1022600161,,,UNMATCHED_GAME
1022600162,,,UNMATCHED_GAME
1022600163,,,UNMATCHED_GAME
1022600164,,,UNMATCHED_GAME
1022600165,,,UNMATCHED_GAME
1022600166,,,UNMATCHED_GAME
1022600167,,,UNMATCHED_GAME
1022600168,,,UNMATCHED_GAME
1022600169,,,UNMATCHED_GAME
1022600170,,,UNMATCHED_GAME
1022600171,,,UNMATCHED_GAME
1022600172,,,UNMATCHED_GAME
1022600173,,,UNMATCHED_GAME
1022600174,,,UNMATCHED_GAME
1022600175,,,UNMATCHED_GAME
1022600176,,,UNMATCHED_GAME
1022600177,,,UNMATCHED_GAME
1022600178,,,UNMATCHED_GAME
1022600179,,,UNMATCHED_GAME
1022600180,,,UNMATCHED_GAME
1022600181,,,UNMATCHED_GAME
1022600182,,,UNMATCHED_GAME
1022600183,,,UNMATCHED_GAME
1022600184,,,UNMATCHED_GAME
1022600185,,,UNMATCHED_GAME
1022600186,,,UNMATCHED_GAME
1022600187,,,UNMATCHED_GAME
1022600188,,,UNMATCHED_GAME
1022600189,,,UNMATCHED_GAME
1022600190,,,UNMATCHED_GAME
1022600191,,,UNMATCHED_GAME
1022600192,,,UNMATCHED_GAME
1022600193,,,UNMATCHED_GAME
1022600194,,,UNMATCHED_GAME
1022600195,,,UNMATCHED_GAME
1022600196,,,UNMATCHED_GAME
1042100101,,,UNMATCHED_GAME
1042100111,,,UNMATCHED_GAME
1042100201,,,UNMATCHED_GAME
1042100211,,,UNMATCHED_GAME
1042100301,,,UNMATCHED_GAME
1042100302,,,UNMATCHED_GAME
1042100303,,,UNMATCHED_GAME
1042100304,,,UNMATCHED_GAME
1042100311,,,UNMATCHED_GAME
1042100312,,,UNMATCHED_GAME
1042100313,,,UNMATCHED_GAME
1042100314,,,UNMATCHED_GAME
1042100315,,,UNMATCHED_GAME
1042100401,,,UNMATCHED_GAME
1042100402,,,UNMATCHED_GAME
1042100403,,,UNMATCHED_GAME
1042100404,,,UNMATCHED_GAME
1042200101,,,UNMATCHED_GAME
1042200102,,,UNMATCHED_GAME
1042200111,,,UNMATCHED_GAME
1042200112,,,UNMATCHED_GAME
1042200113,,,UNMATCHED_GAME
1042200121,,,UNMATCHED_GAME
1042200122,,,UNMATCHED_GAME
1042200123,,,UNMATCHED_GAME
1042200131,,,UNMATCHED_GAME
1042200132,,,UNMATCHED_GAME
1042200201,,,UNMATCHED_GAME
1042200202,,,UNMATCHED_GAME
1042200203,,,UNMATCHED_GAME
1042200204,,,UNMATCHED_GAME
1042200211,,,UNMATCHED_GAME
1042200212,,,UNMATCHED_GAME
1042200213,,,UNMATCHED_GAME
1042200214,,,UNMATCHED_GAME
1042200215,,,UNMATCHED_GAME
1042200301,,,UNMATCHED_GAME
1042200302,,,UNMATCHED_GAME
1042200303,,,UNMATCHED_GAME
1042200304,,,UNMATCHED_GAME
1042300101,,,UNMATCHED_GAME
1042300102,,,UNMATCHED_GAME
1042300111,,,UNMATCHED_GAME
1042300112,,,UNMATCHED_GAME
1042300121,,,UNMATCHED_GAME
1042300122,,,UNMATCHED_GAME
1042300123,,,UNMATCHED_GAME
1042300131,,,UNMATCHED_GAME
1042300132,,,UNMATCHED_GAME
1042300201,,,UNMATCHED_GAME
1042300202,,,UNMATCHED_GAME
1042300203,,,UNMATCHED_GAME
1042300211,,,UNMATCHED_GAME
1042300212,,,UNMATCHED_GAME
1042300213,,,UNMATCHED_GAME
1042300214,,,UNMATCHED_GAME
1042300301,,,UNMATCHED_GAME
1042300302,,,UNMATCHED_GAME
1042300303,,,UNMATCHED_GAME
1042300304,,,UNMATCHED_GAME
1042400101,,,UNMATCHED_GAME
1042400102,,,UNMATCHED_GAME
1042400111,,,UNMATCHED_GAME
1042400112,,,UNMATCHED_GAME
1042400121,,,UNMATCHED_GAME
1042400122,,,UNMATCHED_GAME
1042400131,,,UNMATCHED_GAME
1042400132,,,UNMATCHED_GAME
1042400201,,,UNMATCHED_GAME
1042400202,,,UNMATCHED_GAME
1042400203,,,UNMATCHED_GAME
1042400204,,,UNMATCHED_GAME
1042400211,,,UNMATCHED_GAME
1042400212,,,UNMATCHED_GAME
1042400213,,,UNMATCHED_GAME
1042400214,,,UNMATCHED_GAME
1042400215,,,UNMATCHED_GAME
1042400301,,,UNMATCHED_GAME
1042400302,,,UNMATCHED_GAME
1042400303,,,UNMATCHED_GAME
1042400304,,,UNMATCHED_GAME
1042400305,,,UNMATCHED_GAME
1042500101,,,UNMATCHED_GAME
1042500102,,,UNMATCHED_GAME
1042500111,,,UNMATCHED_GAME
1042500112,,,UNMATCHED_GAME
1042500113,,,UNMATCHED_GAME
1042500121,,,UNMATCHED_GAME
1042500122,,,UNMATCHED_GAME
1042500123,,,UNMATCHED_GAME
1042500131,,,UNMATCHED_GAME
1042500132,,,UNMATCHED_GAME
1042500133,,,UNMATCHED_GAME
1042500201,,,UNMATCHED_GAME
1042500202,,,UNMATCHED_GAME
1042500203,,,UNMATCHED_GAME
1042500204,,,UNMATCHED_GAME
1042500211,,,UNMATCHED_GAME
1042500212,,,UNMATCHED_GAME
1042500213,,,UNMATCHED_GAME
1042500214,,,UNMATCHED_GAME
1042500215,,,UNMATCHED_GAME
1042500301,,,UNMATCHED_GAME
1042500302,,,UNMATCHED_GAME
1042500303,,,UNMATCHED_GAME
1042500304,,,UNMATCHED_GAME
