game_id,player_id,player_name,stat,book,market_key,period,line,raw_over_odds,raw_under_odds,no_vig_market_prob_over,no_vig_market_prob_under,p_over_win,p_under_win,p_push,p_over_settled,p_under_settled,frozen_model_probability_over,delivered_model_prob_over_final,reproduces_delivered_model_price,model_minus_market_over,pmf_hash,registry_pmf_hash,quote_hash,prediction_timestamp,quote_timestamp,pmf_column_used,audit_label
24969,408,Natasha Cloud,fg3m,fanduel,player_threes,game,1.5,178.0,-245.0,0.3362245395185654,0.6637754604814345,0.27036513,0.72963487,0.0,0.27036513,0.72963487,0.27036513,0.27036513,True,-0.06585940951856539,f9961ff9a45af594b882f51b9e077621c75bfdffae57b40e17aaa8a969ec2c8b,f9961ff9a45af594b882f51b9e077621c75bfdffae57b40e17aaa8a969ec2c8b,c9dab401f4ea1be84731ddf304c8e198f13b89e1d46f1062ed5f8c4b6b7cab7a,20260801T162447Z,2026-08-01T16:26:04Z,active_pmf_json,MODEL_MARKET_TRACE_ONLY_NOT_EV
24970,765,Monique Akoa Makani,reb,betonlineag,player_rebounds,game,2.5,171.0,-227.0,0.34707112304573484,0.6529288769542652,0.24799814,0.75200187,0.0,0.24799813752001865,0.7520018624799814,0.24799813752001865,0.24799813752001862,True,-0.0990729855257162,a81cac76c2a10a0e85e91182a525b51870011f774440ec2e89ae2827c97d5ed2,a81cac76c2a10a0e85e91182a525b51870011f774440ec2e89ae2827c97d5ed2,caac9d7bd58a0b46b3a1552392df5c6365b8c1a1dcac1f9e1f1b77d17baa5548,20260801T162447Z,2026-08-01T16:26:51Z,active_pmf_json,MODEL_MARKET_TRACE_ONLY_NOT_EV
24970,765,Monique Akoa Makani,fg3m,betonlineag,player_threes,game,1.5,167.0,-222.0,0.35201259374248417,0.6479874062575157,0.27687353,0.72312648,0.0,0.27687352723126474,0.7231264727687353,0.27687352723126474,0.2768735272312647,True,-0.07513906651121943,8cdcd7e1e5bc98df4604d7e111ba85a9284b7a236b67fb98bf0f835dfd298bf7,8cdcd7e1e5bc98df4604d7e111ba85a9284b7a236b67fb98bf0f835dfd298bf7,8bd9d554ad463177e702cb16b5ffc569dc6282c96d2284518f25dbf189b2a4dd,20260801T162447Z,2026-08-01T16:26:51Z,active_pmf_json,MODEL_MARKET_TRACE_ONLY_NOT_EV
24969,67033,Sydney Taylor,ast,betonlineag,player_assists,game,2.5,152.0,-200.0,0.3731343283582089,0.626865671641791,0.355196951971876,0.644803048028124,0.0,0.355196951971876,0.644803048028124,0.355196951971876,0.355196951971876,True,-0.017937376386332915,023e7715d4057f3d3646ca6dca28360bfe4e8d35796fd539171b7263e2110dc8,023e7715d4057f3d3646ca6dca28360bfe4e8d35796fd539171b7263e2110dc8,b1f5f9de3d7eb5035f5b1bc48237f9b66d94f142a4f8e20f8edd5b4440e0b8a8,20260801T162447Z,2026-08-01T16:26:41Z,active_pmf_json,MODEL_MARKET_TRACE_ONLY_NOT_EV
24970,462,Kahleah Copper,ast,pinnacle,player_assists,game,2.5,145.0,-184.0,0.386499727817093,0.6135002721829069,0.27205794810393463,0.7279420518960654,0.0,0.27205794810393463,0.7279420518960654,0.27205794810393463,,False,-0.11444177971315839,486906a70802dc5d6c3521fbd01e7fa547500a1b0fe7be9e4507cde7271138b3,486906a70802dc5d6c3521fbd01e7fa547500a1b0fe7be9e4507cde7271138b3,c5c08dda19fc5d00c8cc3139d5c14b4d8017b6b4e91a3b8761612947b4fb6dc4,20260801T162447Z,2026-08-01T16:24:59Z,active_pmf_json,MODEL_MARKET_TRACE_ONLY_NOT_EV
24970,242,DeWanna Bonner,fg3m,fanduel,player_threes,game,1.5,140.0,-188.0,0.38961038961038963,0.6103896103896104,0.37118476,0.6288152499999999,0.0,0.37118475628815245,0.6288152437118475,0.37118475628815245,0.37118475628815245,True,-0.018425633322237178,be6dd6579a94209260e10c3bb3f3df3817a66520e79e7e61b8ddebabd1881e2d,be6dd6579a94209260e10c3bb3f3df3817a66520e79e7e61b8ddebabd1881e2d,c87535637ffd25d445a7a18f96e6cccd6dd6fbe26a31c39147aff67cb3dc2539,20260801T162447Z,2026-08-01T16:25:57Z,active_pmf_json,MODEL_MARKET_TRACE_ONLY_NOT_EV
24969,570,Jackie Young,fg3m,fanduel,player_threes,game,2.5,134.0,-180.0,0.3993154592127781,0.6006845407872219,0.43416281,0.5658371799999999,0.0,0.4341628143416282,0.5658371856583718,0.4341628143416282,0.4341628143416282,True,0.034847355128850066,7988194b29d7b2b4b4dd0b5a86f2d3ddcae295eebce433d78fa855c6926da63e,7988194b29d7b2b4b4dd0b5a86f2d3ddcae295eebce433d78fa855c6926da63e,ecf19f45f2dabe6e446fc875ee1b013d1ffcb36353815ac365bdcc4ac6e82c69,20260801T162447Z,2026-08-01T16:26:04Z,active_pmf_json,MODEL_MARKET_TRACE_ONLY_NOT_EV
24969,67033,Sydney Taylor,fg3m,draftkings,player_threes,game,2.5,130.0,-178.0,0.404422461448938,0.5955775385510619,0.30278364,0.69721635,0.0,0.30278364302783645,0.6972163569721636,0.30278364302783645,0.3027836430278364,True,-0.10163881842110156,800850213c9c5b226d3d5c470c01be7c2da9307f7a2c808fc52197732298f027,800850213c9c5b226d3d5c470c01be7c2da9307f7a2c808fc52197732298f027,81631df87467d7de7dfa01b1d0d188de458a46c303cde81b106ba47cca93573d,20260801T162447Z,2026-08-01T16:26:33Z,active_pmf_json,MODEL_MARKET_TRACE_ONLY_NOT_EV
24970,765,Monique Akoa Makani,ast,betonlineag,player_assists,game,2.5,130.0,-169.0,0.40900106431503724,0.5909989356849628,0.1818530638151972,0.8181469361848027,0.0,0.18185306381519722,0.8181469361848028,0.18185306381519722,0.18185306381519722,True,-0.22714800049984002,d24398c99db4ea5f25457fa9792ae514ae691b5fccc1aaa3f8e5542aaad2063c,d24398c99db4ea5f25457fa9792ae514ae691b5fccc1aaa3f8e5542aaad2063c,a2a7d52cc33b11d0fe66401af931dbfd81e496a5bcc2f86e39cd7736212941ac,20260801T162447Z,2026-08-01T16:26:51Z,active_pmf_json,MODEL_MARKET_TRACE_ONLY_NOT_EV
24969,409,Elizabeth Williams,reb,betonlineag,player_rebounds,game,4.5,130.0,-169.0,0.40900106431503724,0.5909989356849628,0.34805155,0.65194843,0.0,0.3480515569610311,0.6519484430389689,0.3480515569610311,0.34805155696103107,True,-0.060949507354006116,593c85361b5bb531883f734238fed077222d144db99737cb8c3b4e32d73da3b3,593c85361b5bb531883f734238fed077222d144db99737cb8c3b4e32d73da3b3,4b3a6ac625b1cc2f3cdf57d878dcbc27e5ff89062333001445b5b50a0137e915,20260801T162447Z,2026-08-01T16:26:41Z,active_pmf_json,MODEL_MARKET_TRACE_ONLY_NOT_EV
24969,408,Natasha Cloud,reb,fanduel,player_rebounds,game,3.5,130.0,-174.0,0.40640759418570166,0.5935924058142985,0.33278175,0.66721824,0.0,0.33278175332781756,0.6672182466721824,0.33278175332781756,0.3327817533278175,True,-0.0736258408578841,74bd640e6220d497d102a8234dce59314ca8496fa02bf1fd016b0f02526c9e1f,74bd640e6220d497d102a8234dce59314ca8496fa02bf1fd016b0f02526c9e1f,c0aa557132c32a7a96e15d8b1f207adfb289ee5f8aac7360b0008455e2e92409,20260801T162447Z,2026-08-01T16:26:04Z,active_pmf_json,MODEL_MARKET_TRACE_ONLY_NOT_EV
24969,67033,Sydney Taylor,reb,betonlineag,player_rebounds,game,2.5,128.0,-167.0,0.4121896998888477,0.5878103001111523,0.32814358,0.6718564,0.0,0.32814358656287174,0.6718564134371283,0.32814358656287174,0.32814358656287174,True,-0.08404611332597595,aa056f190f0b1529ecaef55064e4fbc91e5e80dabc7864eb54c9ea0db9325a8c,aa056f190f0b1529ecaef55064e4fbc91e5e80dabc7864eb54c9ea0db9325a8c,22779fec6d3ed1dfc244d2ac9791e738cf11cf5495374625682d8f8ec3e9b48a,20260801T162447Z,2026-08-01T16:26:41Z,active_pmf_json,MODEL_MARKET_TRACE_ONLY_NOT_EV
24969,285,Courtney Vandersloot,reb,betonlineag,player_rebounds,game,2.5,128.0,-167.0,0.4121896998888477,0.5878103001111523,0.27565818,0.72434184,0.0,0.2756581744868365,0.7243418255131636,0.2756581744868365,0.2756581744868365,True,-0.1365315254020112,a2b310ae11359dd66eef75137b98bb8dc7ff17d8f42b1e9f0c5c1300e00ab79f,a2b310ae11359dd66eef75137b98bb8dc7ff17d8f42b1e9f0c5c1300e00ab79f,289d6e82786f2bbed57a0375650f4100f1b441a0ad97579598b614cbd9e7b7c4,20260801T162447Z,2026-08-01T16:26:41Z,active_pmf_json,MODEL_MARKET_TRACE_ONLY_NOT_EV
24970,66925,Pauline Astier,ast,draftkings,player_assists,game,3.5,127.0,-174.0,0.40957876169691165,0.5904212383030882,0.29259898278290714,0.7074010172170929,0.0,0.29259898278290714,0.7074010172170929,0.29259898278290714,0.29259898278290714,True,-0.11697977891400452,c2b59466907e0524eae29098327b6a6263e6c756ab65e720778c6185d86ea3a5,c2b59466907e0524eae29098327b6a6263e6c756ab65e720778c6185d86ea3a5,2ac085d87eaf58d371aefc4d1b235f10454b8abc3fd814e2dbbe96e262a2d30e,20260801T162447Z,2026-08-01T16:26:45Z,active_pmf_json,MODEL_MARKET_TRACE_ONLY_NOT_EV
24970,591,Sabrina Ionescu,reb,betonlineag,player_rebounds,game,4.5,124.0,-161.0,0.4198571520494176,0.5801428479505824,0.34064148,0.65935854,0.0,0.3406414731871705,0.6593585268128295,0.3406414731871705,0.34064147318717053,True,-0.07921567886224712,08ad707bc5d1ff26c2a84205f4549bd5b79f90d765c380efcf13d108bc3e28cc,08ad707bc5d1ff26c2a84205f4549bd5b79f90d765c380efcf13d108bc3e28cc,fea77a0c182fdc671b97b5240aacc1478844e1c091db5197b6494c3ea3305f38,20260801T162447Z,2026-08-01T16:26:51Z,active_pmf_json,MODEL_MARKET_TRACE_ONLY_NOT_EV
24970,468,Breanna Stewart,ast,betonlineag,player_assists,game,3.5,124.0,-161.0,0.4198571520494176,0.5801428479505824,0.334392787852147,0.665607212147853,0.0,0.334392787852147,0.665607212147853,0.334392787852147,0.33439278785214704,True,-0.0854643641972706,317a1b560664208baf4e6be01232d7959f1cd3e89343488a4e400370595140cf,317a1b560664208baf4e6be01232d7959f1cd3e89343488a4e400370595140cf,1739d07f91754935ad3a541489d352409bd5445c982b20efc9ab4f90a44839d3,20260801T162447Z,2026-08-01T16:26:51Z,active_pmf_json,MODEL_MARKET_TRACE_ONLY_NOT_EV
24970,424,Rebecca Allen,fg3m,betonlineag,player_threes,game,1.5,117.0,-152.0,0.43310875842155927,0.5668912415784408,0.31578913999999997,0.68421086,0.0,0.31578913999999997,0.68421086,0.31578913999999997,0.3157891399999999,True,-0.1173196184215593,356c56d84a2459ba48a63b0a13d6d72676e31b7a0948cff675e9f450ba8d3d3a,356c56d84a2459ba48a63b0a13d6d72676e31b7a0948cff675e9f450ba8d3d3a,6d530755c12b39ac8e27056b9c3f48df6c9613dd747303a79f31b557776f9bf9,20260801T162447Z,2026-08-01T16:26:51Z,active_pmf_json,MODEL_MARKET_TRACE_ONLY_NOT_EV
24970,424,Rebecca Allen,pts,betonlineag,player_points,game,6.5,117.0,-152.0,0.43310875842155927,0.5668912415784408,0.24847533,0.75152469,0.0,0.24847532503049352,0.7515246749695066,0.24847532503049352,0.24847532503049352,True,-0.18463343339106575,075880caeaf32e61d39a2008ad0a959ebab91f5046bdd8fbb9b28ce951c7d64a,075880caeaf32e61d39a2008ad0a959ebab91f5046bdd8fbb9b28ce951c7d64a,79240078a5d2e7900cb19caf57ea4e7ef4ae30de36755006913fd4e4efb16661,20260801T162447Z,2026-08-01T16:26:51Z,active_pmf_json,MODEL_MARKET_TRACE_ONLY_NOT_EV
24969,726,Kamilla Cardoso,ast,draftkings,player_assists,game,2.5,115.0,-156.0,0.4328711531958066,0.5671288468041935,0.4740783867635594,0.5259216132364407,0.0,0.4740783867635594,0.5259216132364407,0.4740783867635594,0.47407838676355935,True,0.0412072335677528,4b8082af9f1c73723f3f7794f1e634e9180cfcea9433a1666dc608b6e126c2aa,4b8082af9f1c73723f3f7794f1e634e9180cfcea9433a1666dc608b6e126c2aa,6659123f362ceaa71b8d84b9a03b0066ab979388e762c66c065c2cc7f5023ff7,20260801T162447Z,2026-08-01T16:26:33Z,active_pmf_json,MODEL_MARKET_TRACE_ONLY_NOT_EV
24970,468,Breanna Stewart,reb,pinnacle,player_rebounds,game,8.5,114.0,-140.0,0.4447739065974797,0.5552260934025204,0.39173993,0.6082600499999999,0.0,0.3917399378347988,0.6082600621652012,0.3917399378347988,,False,-0.05303396876268085,8c202b0ab068e46f58b3bfe00ec474215543f465606a712ea7d8481f1f538e30,8c202b0ab068e46f58b3bfe00ec474215543f465606a712ea7d8481f1f538e30,ff6c29497f6da0349d866381ac53beb7486df57c8a6b13117e7bce40e9afaa03,20260801T162447Z,2026-08-01T16:24:59Z,active_pmf_json,MODEL_MARKET_TRACE_ONLY_NOT_EV
24970,462,Kahleah Copper,reb_ast,fanduel,player_rebounds_assists,game,6.5,114.0,-152.0,0.4365299334811531,0.563470066518847,0.82815857,0.17184143000000002,0.0,0.82815857,0.17184143000000002,0.82815857,0.82815857,True,0.39162863651884694,2a6497958965e570e46d49de0f5545eaf3af68341ab99cce9660a6009b6c9dd5,2a6497958965e570e46d49de0f5545eaf3af68341ab99cce9660a6009b6c9dd5,4bad9a96e78acdf14ed21a59663fd18cb0397253a4d7e4743d2bb9a01cd9afe9,20260801T162447Z,2026-08-01T16:25:57Z,active_pmf_json,MODEL_MARKET_TRACE_ONLY_NOT_EV
24969,285,Courtney Vandersloot,ast,draftkings,player_assists,game,4.5,112.0,-153.0,0.43820146875433,0.56179853124567,0.3074113095520431,0.692588690447957,0.0,0.3074113095520431,0.692588690447957,0.3074113095520431,0.30741130955204304,True,-0.13079015920228693,b58b83b090a1150c0401b83f2c3b21aa2c61e9713ee9bef1524cbb4d581a7300,b58b83b090a1150c0401b83f2c3b21aa2c61e9713ee9bef1524cbb4d581a7300,f23a10cbf822d39077d118f7fbcca57279960df3473d7e1dd882bfb3c34c994a,20260801T162447Z,2026-08-01T16:26:33Z,active_pmf_json,MODEL_MARKET_TRACE_ONLY_NOT_EV
24969,535,A'ja Wilson,ast,betonlineag,player_assists,game,3.5,110.0,-143.0,0.4472667034787409,0.552733296521259,0.6020404302937061,0.3979595697062938,0.0,0.6020404302937061,0.3979595697062938,0.6020404302937061,0.6020404302937061,True,0.1547737268149652,deefc5c9b77423a7a1080d5cbb623ca5f43870556f0d6cf31037d7acab039f0d,deefc5c9b77423a7a1080d5cbb623ca5f43870556f0d6cf31037d7acab039f0d,3c616ea041c9d217a74db07f97d64e29b937dccef95f04e4e741713ce36a8f6c,20260801T162447Z,2026-08-01T16:26:41Z,active_pmf_json,MODEL_MARKET_TRACE_ONLY_NOT_EV
24969,726,Kamilla Cardoso,pts,betonlineag,player_points,game,15.5,103.0,-133.0,0.46322988528598974,0.5367701147140101,0.46823838,0.53176163,0.0,0.4682383753176163,0.5317616246823837,0.4682383753176163,0.4682383753176163,True,0.005008490031626567,d76f9d3e1877f4a9648739afd5b4a7ffd6749d16e316bb81e0dada241a29697b,d76f9d3e1877f4a9648739afd5b4a7ffd6749d16e316bb81e0dada241a29697b,8d9ac3acfbd7dd09b7e3b07abdacac918bbcc5e9a9b5f8009c08a459759c1036,20260801T162447Z,2026-08-01T16:26:41Z,active_pmf_json,MODEL_MARKET_TRACE_ONLY_NOT_EV
24969,645,NaLyssa Smith,pts,betonlineag,player_points,game,10.5,103.0,-133.0,0.46322988528598974,0.5367701147140101,0.36596201,0.63403803,0.0,0.3659619953615202,0.6340380046384798,0.3659619953615202,0.3659619953615202,True,-0.09726788992446955,92e739169d8bfde5ad3b520a0cb8d50996efa8bab3a297b5884e99b55602923d,92e739169d8bfde5ad3b520a0cb8d50996efa8bab3a297b5884e99b55602923d,13a032d39620283034f2ecfec97c66e6ef92ac1f45ca80859f77f4b60662cedd,20260801T162447Z,2026-08-01T16:26:41Z,active_pmf_json,MODEL_MARKET_TRACE_ONLY_NOT_EV
24970,242,DeWanna Bonner,pts,pinnacle,player_points,game,10.5,102.0,-124.0,0.47209576799865116,0.5279042320013488,0.28680486,0.71319513,0.0,0.2868048628680486,0.7131951371319514,0.2868048628680486,,False,-0.18529090513060253,98033e1e1529c7c0c666dd2832d21229b64ad129b5062436d24429adc3ced592,98033e1e1529c7c0c666dd2832d21229b64ad129b5062436d24429adc3ced592,75f68eb65cf087cd5ba18725016970f19d01d0b1fb93f6a004f26335e4b88850,20260801T162447Z,2026-08-01T16:24:59Z,active_pmf_json,MODEL_MARKET_TRACE_ONLY_NOT_EV
24969,535,A'ja Wilson,reb,fanduel,player_rebounds,game,10.5,102.0,-136.0,0.46209273182957394,0.5379072681704261,0.30438723,0.6956127599999999,0.0,0.30438723304387233,0.6956127669561276,0.30438723304387233,0.30438723304387233,True,-0.15770549878570161,650ecf9b3a788479aa898fb86486eca27a0583ddc021ee9d2acf59d080e83fa7,650ecf9b3a788479aa898fb86486eca27a0583ddc021ee9d2acf59d080e83fa7,ccae15b0d25813b4df9da1a5ce19277356ba724a838d99569834bb26f74d3984,20260801T162447Z,2026-08-01T16:26:04Z,active_pmf_json,MODEL_MARKET_TRACE_ONLY_NOT_EV
24969,408,Natasha Cloud,pts,betonlineag,player_points,game,10.5,102.0,-132.0,0.46526552222043954,0.5347344777795604,0.46580764,0.53419237,0.0,0.4658076353419237,0.5341923646580764,0.4658076353419237,0.46580763534192365,True,0.0005421131214841668,e59e863ec0857360eb35453101af2e94d6d07b5083a788135f31c61dace601b1,e59e863ec0857360eb35453101af2e94d6d07b5083a788135f31c61dace601b1,27727b82e3db4b5715cf17082b7bf312db9cc7a59f1c3e7526ba62f3b6820418,20260801T162447Z,2026-08-01T16:26:41Z,active_pmf_json,MODEL_MARKET_TRACE_ONLY_NOT_EV
24970,373,Alyssa Thomas,reb,pinnacle,player_rebounds,game,7.5,101.0,-123.0,0.4742360121642601,0.52576398783574,0.3597452,0.64025478,0.0,0.3597452071949041,0.6402547928050959,0.3597452071949041,,False,-0.11449080496935599,2cd4e0f4d20c4875e12d13968732c035c039bad88094e3a4c9cb61ad8773a43d,2cd4e0f4d20c4875e12d13968732c035c039bad88094e3a4c9cb61ad8773a43d,1d7180680f868ade8e879dbc2a66be9929577234d05d1f564d2e1e6134dd9cdc,20260801T162447Z,2026-08-01T16:24:59Z,active_pmf_json,MODEL_MARKET_TRACE_ONLY_NOT_EV
24970,465,Jonquel Jones,ast,betonlineag,player_assists,game,2.5,100.0,-130.0,0.4693877551020408,0.5306122448979592,0.4637701007585436,0.5362298992414563,0.0,0.4637701007585437,0.5362298992414564,0.4637701007585437,0.46377010075854364,True,-0.005617654343497092,0fd24ff38ecb46aa26fe24f8ca9e8f23f8e6f44edb5acd83bc0f1f9d982a07b6,0fd24ff38ecb46aa26fe24f8ca9e8f23f8e6f44edb5acd83bc0f1f9d982a07b6,58f42e859117369d531e56f0c4af794b57ba6c2ba9c28a5227629761b82e3bc2,20260801T162447Z,2026-08-01T16:26:51Z,active_pmf_json,MODEL_MARKET_TRACE_ONLY_NOT_EV
24969,726,Kamilla Cardoso,reb_ast,draftkings,player_rebounds_assists,game,10.5,100.0,-135.0,0.4653465346534653,0.5346534653465347,0.64658236,0.35341765,0.0,0.6465823535341765,0.3534176464658236,0.6465823535341765,0.6465823535341765,True,0.18123581888071116,d76f9d3e1877f4a9648739afd5b4a7ffd6749d16e316bb81e0dada241a29697b,d76f9d3e1877f4a9648739afd5b4a7ffd6749d16e316bb81e0dada241a29697b,403784c4f4a98724ebc167ad1bcc5cff264967293c143099f0e53584ae0d27f0,20260801T162447Z,2026-08-01T16:26:33Z,active_pmf_json,MODEL_MARKET_TRACE_ONLY_NOT_EV
24970,462,Kahleah Copper,pts_reb_ast,betonlineag,player_points_rebounds_assists,game,28.5,-101.0,-128.0,0.4723111001722865,0.5276888998277135,0.15168373,0.84831627,0.0,0.15168373,0.84831627,0.15168373,0.15168373,True,-0.3206273701722865,2a6497958965e570e46d49de0f5545eaf3af68341ab99cce9660a6009b6c9dd5,2a6497958965e570e46d49de0f5545eaf3af68341ab99cce9660a6009b6c9dd5,8f6d860208fe90986027b7f7c8e04f5830a92283864abc4fec7a0c8f1fe20868,20260801T162447Z,2026-08-01T16:26:51Z,active_pmf_json,MODEL_MARKET_TRACE_ONLY_NOT_EV
24969,67033,Sydney Taylor,pts_reb_ast,betonlineag,player_points_rebounds_assists,game,21.5,-101.0,-128.0,0.4723111001722865,0.5276888998277135,0.33730836,0.66269166,0.0,0.33730835325383296,0.6626916467461672,0.33730835325383296,0.337308353253833,True,-0.13500274691845354,4f557d17f08eb28ce6e4e63d7f13ef1ed4101690785ec87c974db3e1f944a0e3,4f557d17f08eb28ce6e4e63d7f13ef1ed4101690785ec87c974db3e1f944a0e3,5c0abbbd98c653d6daf7a49089b0a8dae3efe7572a55b3dbcf9387a2f31167ea,20260801T162447Z,2026-08-01T16:26:41Z,active_pmf_json,MODEL_MARKET_TRACE_ONLY_NOT_EV
24970,424,Rebecca Allen,pts_reb,draftkings,player_points_rebounds,game,9.5,-102.0,-134.0,0.4685880320402072,0.5314119679597926,0.13374144999999998,0.86625857,0.0,0.13374144732517104,0.866258552674829,0.13374144732517104,0.13374144732517107,True,-0.33484658471503614,075880caeaf32e61d39a2008ad0a959ebab91f5046bdd8fbb9b28ce951c7d64a,075880caeaf32e61d39a2008ad0a959ebab91f5046bdd8fbb9b28ce951c7d64a,b17400a08501dd7fa2dfe75753c3e8bf99e8e7893fa5460502b1f96ac06c0f38,20260801T162447Z,2026-08-01T16:26:45Z,active_pmf_json,MODEL_MARKET_TRACE_ONLY_NOT_EV
24970,591,Sabrina Ionescu,pts,pinnacle,player_points,game,19.5,-102.0,-120.0,0.48071979434447304,0.519280205655527,0.28420167,0.71579839,0.0,0.28420165294790084,0.7157983470520991,0.28420165294790084,,False,-0.1965181413965722,92dc2ac3aedbbfc9ec24c3f1c09907b9c7349896ae277988d53e9ab96978e941,92dc2ac3aedbbfc9ec24c3f1c09907b9c7349896ae277988d53e9ab96978e941,f404e630b7b72bcd8fe2152c22df9ef05c235735cde6bf39a3a75c573e01d639,20260801T162447Z,2026-08-01T16:24:59Z,active_pmf_json,MODEL_MARKET_TRACE_ONLY_NOT_EV
24969,408,Natasha Cloud,pts_ast,fanduel,player_points_assists,game,15.5,-102.0,-130.0,0.4718423169750603,0.5281576830249397,0.25380769,0.74619232,0.0,0.2538076874619231,0.7461923125380769,0.2538076874619231,0.2538076874619231,True,-0.21803462951313718,e59e863ec0857360eb35453101af2e94d6d07b5083a788135f31c61dace601b1,e59e863ec0857360eb35453101af2e94d6d07b5083a788135f31c61dace601b1,85f9e51221f04006ca3625a662cd4b4fc7bbbc45bbed511a305c2c806aeacc43,20260801T162447Z,2026-08-01T16:26:04Z,active_pmf_json,MODEL_MARKET_TRACE_ONLY_NOT_EV
24970,591,Sabrina Ionescu,pts_ast,fanduel,player_points_assists,game,25.5,-102.0,-130.0,0.4718423169750603,0.5281576830249397,0.15316093,0.84683913,0.0,0.15316092081034474,0.8468390791896552,0.15316092081034474,0.15316092081034477,True,-0.3186813961647156,92dc2ac3aedbbfc9ec24c3f1c09907b9c7349896ae277988d53e9ab96978e941,92dc2ac3aedbbfc9ec24c3f1c09907b9c7349896ae277988d53e9ab96978e941,bb487d91295fb449040916509a70dd66a8150f04711412beaf7f3713ddafdb2e,20260801T162447Z,2026-08-01T16:25:57Z,active_pmf_json,MODEL_MARKET_TRACE_ONLY_NOT_EV
24970,465,Jonquel Jones,pts_reb_ast,betonlineag,player_points_rebounds_assists,game,25.5,-103.0,-125.0,0.4773429454170958,0.5226570545829042,0.12791993,0.87208005,0.0,0.12791993255839865,0.8720800674416014,0.12791993255839865,0.12791993255839865,True,-0.34942301285869715,df33437e00e493b9c5a949cec731f786ef7e2797c7749968b7e5512fcfa48758,df33437e00e493b9c5a949cec731f786ef7e2797c7749968b7e5512fcfa48758,e43406af03a4c07c9989143f4226f0fc564b809ad265569a01306c36351d14bc,20260801T162447Z,2026-08-01T16:26:51Z,active_pmf_json,MODEL_MARKET_TRACE_ONLY_NOT_EV
24969,535,A'ja Wilson,pts,pinnacle,player_points,game,27.5,-103.0,-118.0,0.48383899327702123,0.5161610067229787,0.47503809,0.5249619,0.0,0.47503809475038095,0.524961905249619,0.47503809475038095,,False,-0.008800898526640288,44d06b61ff09a7b8620f399c65e051bde85d56d6221c2ab5599708b588828dcc,44d06b61ff09a7b8620f399c65e051bde85d56d6221c2ab5599708b588828dcc,fd59b943bf72071668360ae6eb66942247c6a64231ff28689f6c7dabcf6c23e0,20260801T162447Z,2026-08-01T16:26:02Z,active_pmf_json,MODEL_MARKET_TRACE_ONLY_NOT_EV
24969,409,Elizabeth Williams,pts,pinnacle,player_points,game,6.5,-104.0,-117.0,0.48600223964165734,0.5139977603583427,0.42422874,0.57577128,0.0,0.4242287315154254,0.5757712684845747,0.4242287315154254,,False,-0.061773508126231946,190b28ebe7ad27a3742e1fc87d0a446113670b5078dcbed70a38774f672aa724,190b28ebe7ad27a3742e1fc87d0a446113670b5078dcbed70a38774f672aa724,6cb0d4df2765abada36b6854eac6d5d499ebab4c0583840eb554989572197c65,20260801T162447Z,2026-08-01T16:26:02Z,active_pmf_json,MODEL_MARKET_TRACE_ONLY_NOT_EV
24970,468,Breanna Stewart,pts,pinnacle,player_points,game,21.5,-104.0,-116.0,0.48699271592091564,0.5130072840790842,0.39836546,0.60163451,0.0,0.39836547195096417,0.6016345280490358,0.39836547195096417,,False,-0.08862724396995147,9dfa375e88921ca084f794cf2e3f31299a0a0cbd0a38245a91258c1a2eb1145b,9dfa375e88921ca084f794cf2e3f31299a0a0cbd0a38245a91258c1a2eb1145b,d84ce0adb9e0bd225da2b8ba93a93e064f0e5fa9474f20eb87f69412cfb10a9c,20260801T162447Z,2026-08-01T16:24:59Z,active_pmf_json,MODEL_MARKET_TRACE_ONLY_NOT_EV
24970,468,Breanna Stewart,pts_ast,fanduel,player_points_assists,game,25.5,-104.0,-128.0,0.47591522157996147,0.5240847784200385,0.29904590999999997,0.70095406,0.0,0.29904591897137756,0.7009540810286226,0.29904591897137756,0.29904591897137756,True,-0.1768693026085839,9dfa375e88921ca084f794cf2e3f31299a0a0cbd0a38245a91258c1a2eb1145b,9dfa375e88921ca084f794cf2e3f31299a0a0cbd0a38245a91258c1a2eb1145b,81b36125375ea3b82dbcd82bf425ecce7d061ad14877af08f4a0d8c0afeb8852,20260801T162447Z,2026-08-01T16:25:57Z,active_pmf_json,MODEL_MARKET_TRACE_ONLY_NOT_EV
24970,465,Jonquel Jones,pts_ast,fanduel,player_points_assists,game,16.5,-104.0,-128.0,0.47591522157996147,0.5240847784200385,0.31522538,0.6847746,0.0,0.31522538630450775,0.6847746136954923,0.31522538630450775,0.3152253863045077,True,-0.16068983527545372,df33437e00e493b9c5a949cec731f786ef7e2797c7749968b7e5512fcfa48758,df33437e00e493b9c5a949cec731f786ef7e2797c7749968b7e5512fcfa48758,c7139188fd5638f799a06b6c005662cb5f1d62af4b530df17145c030c926b6ac,20260801T162447Z,2026-08-01T16:25:57Z,active_pmf_json,MODEL_MARKET_TRACE_ONLY_NOT_EV
24969,67033,Sydney Taylor,pts_reb,draftkings,player_points_rebounds,game,19.5,-104.0,-130.0,0.4742268041237113,0.5257731958762887,0.38723941,0.61276061,0.0,0.3872394022552119,0.612760597744788,0.3872394022552119,0.38723940225521203,True,-0.0869874018684994,4f557d17f08eb28ce6e4e63d7f13ef1ed4101690785ec87c974db3e1f944a0e3,4f557d17f08eb28ce6e4e63d7f13ef1ed4101690785ec87c974db3e1f944a0e3,6a69974d4d9157f603a1d09f4dea8d2048477cca1389e1d1f4b0976552f4ef9f,20260801T162447Z,2026-08-01T16:26:33Z,active_pmf_json,MODEL_MARKET_TRACE_ONLY_NOT_EV
24969,726,Kamilla Cardoso,pts_reb_ast,betonlineag,player_points_rebounds_assists,game,25.5,-105.0,-123.0,0.48149290561381863,0.5185070943861814,0.22096946,0.77903055,0.0,0.22096945779030544,0.7790305422096946,0.22096945779030544,0.22096945779030544,True,-0.2605234478235132,d76f9d3e1877f4a9648739afd5b4a7ffd6749d16e316bb81e0dada241a29697b,d76f9d3e1877f4a9648739afd5b4a7ffd6749d16e316bb81e0dada241a29697b,497d09e751e7c8320e63181471191b041df4cb0d520ca47208aaeba251a1b6bb,20260801T162447Z,2026-08-01T16:26:41Z,active_pmf_json,MODEL_MARKET_TRACE_ONLY_NOT_EV
24970,462,Kahleah Copper,pts,betonlineag,player_points,game,22.5,-105.0,-123.0,0.48149290561381863,0.5185070943861814,0.26251521,0.73748479,0.0,0.26251521,0.73748479,0.26251521,0.26251521,True,-0.21897769561381863,2a6497958965e570e46d49de0f5545eaf3af68341ab99cce9660a6009b6c9dd5,2a6497958965e570e46d49de0f5545eaf3af68341ab99cce9660a6009b6c9dd5,c07a147b46213e271eb49ac1b273f515b944d6943e665282d7fbd6b122ed276a,20260801T162447Z,2026-08-01T16:26:51Z,active_pmf_json,MODEL_MARKET_TRACE_ONLY_NOT_EV
24969,409,Elizabeth Williams,pts_reb,draftkings,player_points_rebounds,game,11.5,-105.0,-130.0,0.47539370078740156,0.5246062992125985,0.22033143,0.77966859,0.0,0.22033142559337152,0.7796685744066286,0.22033142559337152,0.22033142559337152,True,-0.25506227519403,190b28ebe7ad27a3742e1fc87d0a446113670b5078dcbed70a38774f672aa724,190b28ebe7ad27a3742e1fc87d0a446113670b5078dcbed70a38774f672aa724,67265b847cba7b7071406cb07f56c68298e4819f63d1ef261affcd25c5f8b945,20260801T162447Z,2026-08-01T16:26:33Z,active_pmf_json,MODEL_MARKET_TRACE_ONLY_NOT_EV
24970,462,Kahleah Copper,pts_reb,draftkings,player_points_rebounds,game,26.5,-106.0,-128.0,0.47823333861009976,0.5217666613899002,0.18304061,0.81695939,0.0,0.18304061,0.81695939,0.18304061,0.18304060999999996,True,-0.29519272861009976,2a6497958965e570e46d49de0f5545eaf3af68341ab99cce9660a6009b6c9dd5,2a6497958965e570e46d49de0f5545eaf3af68341ab99cce9660a6009b6c9dd5,07b6d9249528f69892f1c29e395a8c49d2d9ce2d98b3100e3650505b73571d73,20260801T162447Z,2026-08-01T16:26:45Z,active_pmf_json,MODEL_MARKET_TRACE_ONLY_NOT_EV
24969,726,Kamilla Cardoso,pts_reb,draftkings,player_points_rebounds,game,23.5,-106.0,-129.0,0.4773835745752045,0.5226164254247954,0.25909469,0.74090532,0.0,0.25909468740905317,0.7409053125909469,0.25909468740905317,0.25909468740905317,True,-0.2182888871661513,d76f9d3e1877f4a9648739afd5b4a7ffd6749d16e316bb81e0dada241a29697b,d76f9d3e1877f4a9648739afd5b4a7ffd6749d16e316bb81e0dada241a29697b,de34c85e5be80b6ee6bc08a5d1895fce1c3bccc28d1c0fe2071469b2d77688a8,20260801T162447Z,2026-08-01T16:26:33Z,active_pmf_json,MODEL_MARKET_TRACE_ONLY_NOT_EV
24969,408,Natasha Cloud,pts_reb_ast,betonlineag,player_points_rebounds_assists,game,18.5,-106.0,-122.0,0.483560743054414,0.516439256945586,0.16993895,0.83006106,0.0,0.16993894830061054,0.8300610516993896,0.16993894830061054,0.16993894830061052,True,-0.3136217947538035,e59e863ec0857360eb35453101af2e94d6d07b5083a788135f31c61dace601b1,e59e863ec0857360eb35453101af2e94d6d07b5083a788135f31c61dace601b1,64a2f80fe6c0839cb67ea4e6d3aaf80f83d4d8d01ad661ea9cc116d064d85e53,20260801T162447Z,2026-08-01T16:26:41Z,active_pmf_json,MODEL_MARKET_TRACE_ONLY_NOT_EV
24969,535,A'ja Wilson,pts_reb_ast,fanduel,player_points_rebounds_assists,game,41.5,-106.0,-125.0,0.4808467741935484,0.5191532258064516,0.20416013,0.79583986,0.0,0.20416013204160133,0.7958398679583987,0.20416013204160133,0.2041601320416013,True,-0.27668664215194705,44d06b61ff09a7b8620f399c65e051bde85d56d6221c2ab5599708b588828dcc,44d06b61ff09a7b8620f399c65e051bde85d56d6221c2ab5599708b588828dcc,8a379fadc3b0b91504adeaf176caad07b09b705ca8368318ff3054dbe608e4a2,20260801T162447Z,2026-08-01T16:26:04Z,active_pmf_json,MODEL_MARKET_TRACE_ONLY_NOT_EV
24969,570,Jackie Young,pts,pinnacle,player_points,game,19.5,-107.0,-113.0,0.4935039625828245,0.5064960374171755,0.58230229,0.41769772,0.0,0.5823022841769772,0.41769771582302284,0.5823022841769772,,False,0.08879832159415268,5e3d962ea67f64ed31334f54d9dc28904852b7b90cd162d5fcddf1f9eb04ee40,5e3d962ea67f64ed31334f54d9dc28904852b7b90cd162d5fcddf1f9eb04ee40,b58eb394c910509a3df3e8e4f3ab369726c6774310bbcb9ff2f965e1ab4ada57,20260801T162447Z,2026-08-01T16:26:02Z,active_pmf_json,MODEL_MARKET_TRACE_ONLY_NOT_EV
24969,285,Courtney Vandersloot,pts_ast,draftkings,player_points_assists,game,13.5,-107.0,-127.0,0.4802285578710111,0.519771442128989,0.16606024,0.83393976,0.0,0.16606024,0.83393976,0.16606024,0.16606024000000003,True,-0.31416831787101107,588d86a517fc1fc3eb627436720532a48db2f056965bdc92eb87ea21b9dcb9f7,588d86a517fc1fc3eb627436720532a48db2f056965bdc92eb87ea21b9dcb9f7,6f66918cab95efa9ef98b76c3b875b0043426759b41a9202085890f6ef614b2d,20260801T162447Z,2026-08-01T16:26:33Z,active_pmf_json,MODEL_MARKET_TRACE_ONLY_NOT_EV
24969,570,Jackie Young,ast,pinnacle,player_assists,game,6.5,-107.0,-113.0,0.4935039625828245,0.5064960374171755,0.6490429805920015,0.3509570194079984,0.0,0.6490429805920016,0.35095701940799845,0.6490429805920016,,False,0.15553901800917713,bba80f123f8c07eda1d6c12602914b3893cdbee273e5ff19ad2b1f6490244459,bba80f123f8c07eda1d6c12602914b3893cdbee273e5ff19ad2b1f6490244459,7bf26e81c6bead0d9b1353f18f53dfea12b028477c6796eece7c8b2943432c54,20260801T162447Z,2026-08-01T16:26:02Z,active_pmf_json,MODEL_MARKET_TRACE_ONLY_NOT_EV
24970,373,Alyssa Thomas,pts_ast,draftkings,player_points_assists,game,24.5,-108.0,-125.0,0.48310139165009935,0.5168986083499006,0.12414722,0.8758527700000001,0.0,0.1241472212414722,0.8758527787585277,0.1241472212414722,0.12414722124147222,True,-0.35895417040862715,bd4d0921babd9fdef186282365fda0738f0063e206d03aac7c48eff33b4750fe,bd4d0921babd9fdef186282365fda0738f0063e206d03aac7c48eff33b4750fe,cae98d2b0beedcf89eaae12e23c7bd1b0dc69540284f0b16ae316f0a3d01d44a,20260801T162447Z,2026-08-01T16:26:45Z,active_pmf_json,MODEL_MARKET_TRACE_ONLY_NOT_EV
24970,633,Natasha Mack,reb,betonlineag,player_rebounds,game,5.5,-108.0,-120.0,0.48768472906403937,0.5123152709359606,0.2536058,0.74639419,0.0,0.253605802536058,0.746394197463942,0.253605802536058,0.253605802536058,True,-0.23407892652798135,4feb65a698b4c359ebf55f5c38f7d03b85012c7b090301da5f61f944ed31e898,4feb65a698b4c359ebf55f5c38f7d03b85012c7b090301da5f61f944ed31e898,2394892705966ebe8c18e122e6d5468677b4680537b3cf46b5cd96a102edd19d,20260801T162447Z,2026-08-01T16:26:51Z,active_pmf_json,MODEL_MARKET_TRACE_ONLY_NOT_EV
24970,373,Alyssa Thomas,pts_reb_ast,draftkings,player_points_rebounds_assists,game,32.5,-108.0,-126.0,0.4822190611664295,0.5177809388335705,0.045253,0.95474699,0.0,0.04525300045253001,0.95474699954747,0.04525300045253001,0.045253000452529994,True,-0.4369660607138995,bd4d0921babd9fdef186282365fda0738f0063e206d03aac7c48eff33b4750fe,bd4d0921babd9fdef186282365fda0738f0063e206d03aac7c48eff33b4750fe,dd67f247d06fc66c1c4edc2249b8cab8ef7e7fea99223e5855cdeb7f40159e74,20260801T162447Z,2026-08-01T16:26:45Z,active_pmf_json,MODEL_MARKET_TRACE_ONLY_NOT_EV
24970,468,Breanna Stewart,pts_reb,fanduel,player_points_rebounds,game,30.5,-108.0,-122.0,0.48581617766250607,0.5141838223374939,0.20237356,0.79762641,0.0,0.202373566071207,0.7976264339287931,0.202373566071207,0.20237356607120702,True,-0.2834426115912991,9dfa375e88921ca084f794cf2e3f31299a0a0cbd0a38245a91258c1a2eb1145b,9dfa375e88921ca084f794cf2e3f31299a0a0cbd0a38245a91258c1a2eb1145b,20d91986cf05251c2317bdae315464692a746900e4efb33ac5b00eb91bd79db8,20260801T162447Z,2026-08-01T16:25:57Z,active_pmf_json,MODEL_MARKET_TRACE_ONLY_NOT_EV
24970,66925,Pauline Astier,pts,betonlineag,player_points,game,8.5,-109.0,-119.0,0.48974190636412124,0.5102580936358786,0.4540747,0.54592531,0.0,0.45407469545925305,0.545925304540747,0.45407469545925305,0.45407469545925305,True,-0.035667210904868185,7927e655b913d735f9448b75574b90ac600a1558cb2375c81e7922b997c99842,7927e655b913d735f9448b75574b90ac600a1558cb2375c81e7922b997c99842,5cac4f8526bd6edde8e4ad66cd7beff5679612b550c2865e724de51d36bcf69a,20260801T162447Z,2026-08-01T16:26:51Z,active_pmf_json,MODEL_MARKET_TRACE_ONLY_NOT_EV
24970,633,Natasha Mack,pts,betonlineag,player_points,game,6.5,-109.0,-119.0,0.48974190636412124,0.5102580936358786,0.33777826,0.66222177,0.0,0.3377782498666525,0.6622217501333475,0.3377782498666525,0.3377782498666526,True,-0.15196365649746874,8b158c73eedb8b2db6564d04d8b3222a5e8476ef5a3c515c78e8dbf60a6e991c,8b158c73eedb8b2db6564d04d8b3222a5e8476ef5a3c515c78e8dbf60a6e991c,18c2e117973fb7e386baa07656ac839a292ef24ed4cb7a192399fa107135e880,20260801T162447Z,2026-08-01T16:26:51Z,active_pmf_json,MODEL_MARKET_TRACE_ONLY_NOT_EV
24969,535,A'ja Wilson,pts_reb,draftkings,player_points_rebounds,game,37.5,-110.0,-123.0,0.4870929308975378,0.5129070691024623,0.27022151,0.72977848,0.0,0.2702215127022151,0.7297784872977848,0.2702215127022151,0.27022151270221506,True,-0.21687141819532268,44d06b61ff09a7b8620f399c65e051bde85d56d6221c2ab5599708b588828dcc,44d06b61ff09a7b8620f399c65e051bde85d56d6221c2ab5599708b588828dcc,6abf88db010526e7c8bc1c6fb76b2c2ce52991ede909304f35ef814c8d909c1e,20260801T162447Z,2026-08-01T16:26:33Z,active_pmf_json,MODEL_MARKET_TRACE_ONLY_NOT_EV
24969,285,Courtney Vandersloot,pts_reb,draftkings,player_points_rebounds,game,11.5,-110.0,-124.0,0.4861878453038673,0.5138121546961325,0.21702355,0.78297645,0.0,0.21702355,0.78297645,0.21702355,0.21702355,True,-0.2691642953038673,588d86a517fc1fc3eb627436720532a48db2f056965bdc92eb87ea21b9dcb9f7,588d86a517fc1fc3eb627436720532a48db2f056965bdc92eb87ea21b9dcb9f7,fda8be2e8ad277606f033aa5e49f49c25483d5d82a45a0f9d0a668c00f3d008c,20260801T162447Z,2026-08-01T16:26:33Z,active_pmf_json,MODEL_MARKET_TRACE_ONLY_NOT_EV
24969,408,Natasha Cloud,pts_reb,draftkings,player_points_rebounds,game,13.5,-110.0,-123.0,0.4870929308975378,0.5129070691024623,0.32706102,0.67293899,0.0,0.3270610167293898,0.6729389832706102,0.3270610167293898,0.3270610167293898,True,-0.160031914168148,e59e863ec0857360eb35453101af2e94d6d07b5083a788135f31c61dace601b1,e59e863ec0857360eb35453101af2e94d6d07b5083a788135f31c61dace601b1,b8c7ed7037092b93394b1ba19a10bb52a6159b867b2bc0e8c78bad1c4b2b607d,20260801T162447Z,2026-08-01T16:26:33Z,active_pmf_json,MODEL_MARKET_TRACE_ONLY_NOT_EV
24970,465,Jonquel Jones,reb_ast,draftkings,player_rebounds_assists,game,11.5,-110.0,-123.0,0.4870929308975378,0.5129070691024623,0.49435446,0.50564552,0.0,0.4943544698870894,0.5056455301129106,0.4943544698870894,0.4943544698870894,True,0.007261538989551619,df33437e00e493b9c5a949cec731f786ef7e2797c7749968b7e5512fcfa48758,df33437e00e493b9c5a949cec731f786ef7e2797c7749968b7e5512fcfa48758,ef0818f3c82385ab2ba17d3a5edb3420875d321dcc938d6e0b0f4fc7fec1c0d5,20260801T162447Z,2026-08-01T16:26:45Z,active_pmf_json,MODEL_MARKET_TRACE_ONLY_NOT_EV
24970,591,Sabrina Ionescu,ast,pinnacle,player_assists,game,5.5,-111.0,-109.0,0.5021645958699511,0.4978354041300489,0.2362147825338807,0.7637852174661194,0.0,0.2362147825338807,0.7637852174661194,0.2362147825338807,,False,-0.2659498133360704,a2880c1be2aaacfb175815f6fddc29870f21e3466861a3c1e547935e873f4fc8,a2880c1be2aaacfb175815f6fddc29870f21e3466861a3c1e547935e873f4fc8,e1811d91b6587913371ade16dc44a4c72036540d3b5db79eeb174bb7a8540316,20260801T162447Z,2026-08-01T16:24:59Z,active_pmf_json,MODEL_MARKET_TRACE_ONLY_NOT_EV
24970,765,Monique Akoa Makani,pts_reb_ast,betonlineag,player_points_rebounds_assists,game,13.5,-111.0,-116.0,0.4948402542722694,0.5051597457277305,0.18957075,0.81042929,0.0,0.1895707424171703,0.8104292575828297,0.1895707424171703,0.18957074241717023,True,-0.3052695118550991,0fb138f6fc831ab4dcb8bf175ba152cc9885c57002a2beba51f455f971704c6f,0fb138f6fc831ab4dcb8bf175ba152cc9885c57002a2beba51f455f971704c6f,ace02bbc7f3b3c1dd57356dfe0aea866d8f57c23762d2dd624a67a9ddf3fec92,20260801T162447Z,2026-08-01T16:26:51Z,active_pmf_json,MODEL_MARKET_TRACE_ONLY_NOT_EV
24970,633,Natasha Mack,pts_reb,fanduel,player_points_rebounds,game,12.5,-112.0,-118.0,0.4939310568053083,0.5060689431946916,0.12963596,0.87036407,0.0,0.1296359561109213,0.8703640438890787,0.1296359561109213,0.12963595611092132,True,-0.364295100694387,8b158c73eedb8b2db6564d04d8b3222a5e8476ef5a3c515c78e8dbf60a6e991c,8b158c73eedb8b2db6564d04d8b3222a5e8476ef5a3c515c78e8dbf60a6e991c,8eb88a17159b3ddb3e48d5dbf0d8211f978683ec24337f03ed6f545ed5caf891,20260801T162447Z,2026-08-01T16:25:57Z,active_pmf_json,MODEL_MARKET_TRACE_ONLY_NOT_EV
24969,410,Chelsea Gray,ast,fanduel,player_assists,game,6.5,-112.0,-118.0,0.4939310568053083,0.5060689431946916,0.629985891469267,0.37001410853073297,0.0,0.629985891469267,0.37001410853073297,0.629985891469267,0.629985891469267,True,0.13605483466395868,5b43ddc22fd2a27d3baef6727f74da704944b58779f3fd933795d7ccaabc8d0e,5b43ddc22fd2a27d3baef6727f74da704944b58779f3fd933795d7ccaabc8d0e,db245eb76102d6c4fc214ef87eb7535a1274e0befeaf182b9069221d27b80fe1,20260801T162447Z,2026-08-01T16:26:04Z,active_pmf_json,MODEL_MARKET_TRACE_ONLY_NOT_EV
24969,410,Chelsea Gray,pts_ast,draftkings,player_points_assists,game,19.5,-112.0,-122.0,0.4901435104873048,0.5098564895126951,0.34080718,0.65919282,0.0,0.34080718,0.65919282,0.34080718,0.3408071800000001,True,-0.14933633048730482,0a3dced5cb89ea46b120a9195f6ae4708a51b964d4006580d46465ec532fef8d,0a3dced5cb89ea46b120a9195f6ae4708a51b964d4006580d46465ec532fef8d,b9d2904c22155b4b867339e16abb8d2b1fea1ebc88b083053e88eda6a5a6ec21,20260801T162447Z,2026-08-01T16:26:33Z,active_pmf_json,MODEL_MARKET_TRACE_ONLY_NOT_EV
24970,465,Jonquel Jones,pts,betonlineag,player_points,game,13.5,-112.0,-115.0,0.4969046636401156,0.5030953363598846,0.41534029,0.58465969,0.0,0.415340298306806,0.584659701693194,0.415340298306806,0.41534029830680586,True,-0.08156436533330957,df33437e00e493b9c5a949cec731f786ef7e2797c7749968b7e5512fcfa48758,df33437e00e493b9c5a949cec731f786ef7e2797c7749968b7e5512fcfa48758,ec6496d2c8999e447c452408970de7160aad3b9ffb6a591c74be51c046a730b9,20260801T162447Z,2026-08-01T16:26:51Z,active_pmf_json,MODEL_MARKET_TRACE_ONLY_NOT_EV
24970,591,Sabrina Ionescu,pts_reb_ast,fanduel,player_points_rebounds_assists,game,29.5,-112.0,-118.0,0.4939310568053083,0.5060689431946916,0.09845754,0.90154252,0.0,0.09845753409254794,0.901542465907452,0.09845753409254794,0.09845753409254794,True,-0.3954735227127604,92dc2ac3aedbbfc9ec24c3f1c09907b9c7349896ae277988d53e9ab96978e941,92dc2ac3aedbbfc9ec24c3f1c09907b9c7349896ae277988d53e9ab96978e941,49b5086f187a9816d80aedf1cd491ce1e8f07fd0e54746462db583383c647262,20260801T162447Z,2026-08-01T16:25:57Z,active_pmf_json,MODEL_MARKET_TRACE_ONLY_NOT_EV
24969,535,A'ja Wilson,pts_ast,draftkings,player_points_assists,game,30.5,-113.0,-120.0,0.49305831019436736,0.5069416898056327,0.4079292,0.59207079,0.0,0.40792920407929206,0.592070795920708,0.40792920407929206,0.40792920407929206,True,-0.08512910611507529,44d06b61ff09a7b8620f399c65e051bde85d56d6221c2ab5599708b588828dcc,44d06b61ff09a7b8620f399c65e051bde85d56d6221c2ab5599708b588828dcc,bf3e0ef4622a73c87bffd0e5c96d5542c168ef7ba1d792b1bb0464ca97865096,20260801T162447Z,2026-08-01T16:26:33Z,active_pmf_json,MODEL_MARKET_TRACE_ONLY_NOT_EV
24969,410,Chelsea Gray,pts,draftkings,player_points,game,12.5,-113.0,-117.0,0.4959548561951377,0.5040451438048622,0.5878702100000001,0.41212979,0.0,0.5878702100000001,0.41212979,0.5878702100000001,0.5878702100000002,True,0.09191535380486238,0a3dced5cb89ea46b120a9195f6ae4708a51b964d4006580d46465ec532fef8d,0a3dced5cb89ea46b120a9195f6ae4708a51b964d4006580d46465ec532fef8d,99c94fe53be76b9efc4b8774fdba432cef5acb19b7022d3278370ff09140d8c6,20260801T162447Z,2026-08-01T16:26:33Z,active_pmf_json,MODEL_MARKET_TRACE_ONLY_NOT_EV
24970,373,Alyssa Thomas,pts_reb,fanduel,player_points_rebounds,game,22.5,-114.0,-114.0,0.5,0.5,0.15769875,0.84230124,0.0,0.1576987515769875,0.8423012484230125,0.1576987515769875,0.1576987515769875,True,-0.34230124842301246,bd4d0921babd9fdef186282365fda0738f0063e206d03aac7c48eff33b4750fe,bd4d0921babd9fdef186282365fda0738f0063e206d03aac7c48eff33b4750fe,b0492f1c57143a0e9907a030b59748dea01cdd3980626373f3ab708ae1099745,20260801T162447Z,2026-08-01T16:25:57Z,active_pmf_json,MODEL_MARKET_TRACE_ONLY_NOT_EV
24970,373,Alyssa Thomas,pts_reb_ast,fanduel,player_points_rebounds_assists,game,31.5,-114.0,-114.0,0.5,0.5,0.05155332,0.94844667,0.0,0.0515533205155332,0.9484466794844668,0.0515533205155332,0.0515533205155332,True,-0.4484466794844668,bd4d0921babd9fdef186282365fda0738f0063e206d03aac7c48eff33b4750fe,bd4d0921babd9fdef186282365fda0738f0063e206d03aac7c48eff33b4750fe,068573af95c31403b81a09f826aebb6c1bffeb5d04208a9c270cfc839bb15ae0,20260801T162447Z,2026-08-01T16:25:57Z,active_pmf_json,MODEL_MARKET_TRACE_ONLY_NOT_EV
24970,373,Alyssa Thomas,reb_ast,fanduel,player_rebounds_assists,game,16.5,-114.0,-114.0,0.5,0.5,0.3101829,0.68981709,0.0,0.310182903101829,0.689817096898171,0.310182903101829,0.31018290310182906,True,-0.189817096898171,bd4d0921babd9fdef186282365fda0738f0063e206d03aac7c48eff33b4750fe,bd4d0921babd9fdef186282365fda0738f0063e206d03aac7c48eff33b4750fe,6d345ebecea2476708871631b1e7f932b445d230da2bf6dc9838f876a028f8ba,20260801T162447Z,2026-08-01T16:25:57Z,active_pmf_json,MODEL_MARKET_TRACE_ONLY_NOT_EV
24969,67033,Sydney Taylor,pts,fanduel,player_points,game,16.5,-114.0,-114.0,0.5,0.5,0.47211207,0.52788795,0.0,0.47211206055775884,0.5278879394422412,0.47211206055775884,0.47211206055775884,True,-0.02788793944224116,4f557d17f08eb28ce6e4e63d7f13ef1ed4101690785ec87c974db3e1f944a0e3,4f557d17f08eb28ce6e4e63d7f13ef1ed4101690785ec87c974db3e1f944a0e3,7820311623571f78f4b6c2b02087ebd4e4fc23c8d5342bbf610b9cd354265764,20260801T162447Z,2026-08-01T16:26:04Z,active_pmf_json,MODEL_MARKET_TRACE_ONLY_NOT_EV
24970,66925,Pauline Astier,pts_reb_ast,betonlineag,player_points_rebounds_assists,game,13.5,-114.0,-114.0,0.5,0.5,0.27864758,0.72135243,0.0,0.27864757721352423,0.7213524227864758,0.27864757721352423,0.2786475772135243,True,-0.22135242278647577,7927e655b913d735f9448b75574b90ac600a1558cb2375c81e7922b997c99842,7927e655b913d735f9448b75574b90ac600a1558cb2375c81e7922b997c99842,e0593e3e52deed1a014d0532d282d1797efb6c5b6c2b8dd5a94bc1937187b7c0,20260801T162447Z,2026-08-01T16:26:51Z,active_pmf_json,MODEL_MARKET_TRACE_ONLY_NOT_EV
24969,285,Courtney Vandersloot,pts_reb_ast,betonlineag,player_points_rebounds_assists,game,15.5,-115.0,-112.0,0.5030953363598846,0.4969046636401156,0.12708862,0.87291138,0.0,0.12708862,0.87291138,0.12708862,0.12708862,True,-0.3760067163598846,588d86a517fc1fc3eb627436720532a48db2f056965bdc92eb87ea21b9dcb9f7,588d86a517fc1fc3eb627436720532a48db2f056965bdc92eb87ea21b9dcb9f7,0a99e1eebff61dce21457a182393124334799e2946e84259fe0d56dd02c90eb9,20260801T162447Z,2026-08-01T16:26:41Z,active_pmf_json,MODEL_MARKET_TRACE_ONLY_NOT_EV
24969,570,Jackie Young,pts_ast,draftkings,player_points_assists,game,26.5,-115.0,-118.0,0.4970261697065821,0.5029738302934178,0.40193995,0.59806006,0.0,0.40193994598060057,0.5980600540193995,0.40193994598060057,0.40193994598060057,True,-0.09508622372598152,5e3d962ea67f64ed31334f54d9dc28904852b7b90cd162d5fcddf1f9eb04ee40,5e3d962ea67f64ed31334f54d9dc28904852b7b90cd162d5fcddf1f9eb04ee40,1d723b2bfa134409dafdeeccc26e0951a7276cdbeda4626ab1454557a3cc5cf8,20260801T162447Z,2026-08-01T16:26:33Z,active_pmf_json,MODEL_MARKET_TRACE_ONLY_NOT_EV
24969,726,Kamilla Cardoso,pts_ast,draftkings,player_points_assists,game,17.5,-115.0,-118.0,0.4970261697065821,0.5029738302934178,0.40687311,0.5931269,0.0,0.40687310593126896,0.5931268940687311,0.40687310593126896,0.40687310593126896,True,-0.09015306377531312,d76f9d3e1877f4a9648739afd5b4a7ffd6749d16e316bb81e0dada241a29697b,d76f9d3e1877f4a9648739afd5b4a7ffd6749d16e316bb81e0dada241a29697b,fd1979704e02af65bd097f0a943076fb81e701430e9022a16831bd67bb792bc5,20260801T162447Z,2026-08-01T16:26:33Z,active_pmf_json,MODEL_MARKET_TRACE_ONLY_NOT_EV
24970,242,DeWanna Bonner,pts_reb,draftkings,player_points_rebounds,game,16.5,-116.0,-117.0,0.49900880183966384,0.5009911981603362,0.10884794,0.89115205,0.0,0.10884794108847942,0.8911520589115206,0.10884794108847942,0.10884794108847942,True,-0.3901608607511844,98033e1e1529c7c0c666dd2832d21229b64ad129b5062436d24429adc3ced592,98033e1e1529c7c0c666dd2832d21229b64ad129b5062436d24429adc3ced592,578e48448627439e010cbd63f2cd71078745dcd0a60b1b1da351626d83942a81,20260801T162447Z,2026-08-01T16:26:45Z,active_pmf_json,MODEL_MARKET_TRACE_ONLY_NOT_EV
24970,468,Breanna Stewart,pts_reb_ast,betonlineag,player_points_rebounds_assists,game,33.5,-116.0,-111.0,0.5051597457277305,0.4948402542722694,0.15740432,0.84259565,0.0,0.15740432472212973,0.8425956752778703,0.15740432472212973,0.15740432472212978,True,-0.34775542100560075,9dfa375e88921ca084f794cf2e3f31299a0a0cbd0a38245a91258c1a2eb1145b,9dfa375e88921ca084f794cf2e3f31299a0a0cbd0a38245a91258c1a2eb1145b,7bc6daf685a633116d28ff6fcaeb9843364d2ad06be689ed3b85a61c5892f306,20260801T162447Z,2026-08-01T16:26:51Z,active_pmf_json,MODEL_MARKET_TRACE_ONLY_NOT_EV
24970,462,Kahleah Copper,pts_ast,draftkings,player_points_assists,game,24.5,-116.0,-117.0,0.49900880183966384,0.5009911981603362,0.2197764,0.7802236,0.0,0.2197764,0.7802236,0.2197764,0.21977639999999996,True,-0.2792324018396638,2a6497958965e570e46d49de0f5545eaf3af68341ab99cce9660a6009b6c9dd5,2a6497958965e570e46d49de0f5545eaf3af68341ab99cce9660a6009b6c9dd5,ad270bb81ce963011d357eca3d222e04f56f182810d913c719d01ae66899e090,20260801T162447Z,2026-08-01T16:26:45Z,active_pmf_json,MODEL_MARKET_TRACE_ONLY_NOT_EV
24969,570,Jackie Young,pts_reb_ast,draftkings,player_points_rebounds_assists,game,30.5,-117.0,-116.0,0.5009911981603362,0.49900880183966384,0.31519092,0.68480909,0.0,0.31519091684809086,0.6848090831519092,0.31519091684809086,0.3151909168480908,True,-0.18580028131224535,5e3d962ea67f64ed31334f54d9dc28904852b7b90cd162d5fcddf1f9eb04ee40,5e3d962ea67f64ed31334f54d9dc28904852b7b90cd162d5fcddf1f9eb04ee40,e365561fb7b6e0135863b10016bced8e10789d697e341a57685f4c576a9a9bbc,20260801T162447Z,2026-08-01T16:26:33Z,active_pmf_json,MODEL_MARKET_TRACE_ONLY_NOT_EV
24970,765,Monique Akoa Makani,pts,draftkings,player_points,game,8.5,-117.0,-113.0,0.5040451438048622,0.4959548561951377,0.35500044,0.6449996,0.0,0.3550004257999829,0.6449995742000171,0.3550004257999829,0.3550004257999829,True,-0.14904471800487928,0fb138f6fc831ab4dcb8bf175ba152cc9885c57002a2beba51f455f971704c6f,0fb138f6fc831ab4dcb8bf175ba152cc9885c57002a2beba51f455f971704c6f,5aa582c814c2ad280862fa747d99b121bf3d2a2ceab828ebbb341b53fd8138c2,20260801T162447Z,2026-08-01T16:26:45Z,active_pmf_json,MODEL_MARKET_TRACE_ONLY_NOT_EV
24969,535,A'ja Wilson,pts,draftkings,player_points,game,26.5,-118.0,-113.0,0.5050233081498151,0.4949766918501849,0.49833717,0.50166282,0.0,0.49833717498337177,0.5016628250166282,0.49833717498337177,0.4983371749833717,True,-0.006686133166443342,44d06b61ff09a7b8620f399c65e051bde85d56d6221c2ab5599708b588828dcc,44d06b61ff09a7b8620f399c65e051bde85d56d6221c2ab5599708b588828dcc,5116b8c932b2e0101816bfbd20d342052189b8a696760ae510a3aa666fa6e077,20260801T162447Z,2026-08-01T16:26:33Z,active_pmf_json,MODEL_MARKET_TRACE_ONLY_NOT_EV
24969,410,Chelsea Gray,reb_ast,fanduel,player_rebounds_assists,game,9.5,-118.0,-112.0,0.5060689431946916,0.4939310568053083,0.71336735,0.28663265,0.0,0.71336735,0.28663265,0.71336735,0.7133673500000001,True,0.2072984068053083,0a3dced5cb89ea46b120a9195f6ae4708a51b964d4006580d46465ec532fef8d,0a3dced5cb89ea46b120a9195f6ae4708a51b964d4006580d46465ec532fef8d,d2a5e891627dac797cf3c58a367e1d53a148153757ac81040c194afa861b4477,20260801T162447Z,2026-08-01T16:26:04Z,active_pmf_json,MODEL_MARKET_TRACE_ONLY_NOT_EV
24970,465,Jonquel Jones,fg3m,fanduel,player_threes,game,1.5,-118.0,-112.0,0.5060689431946916,0.4939310568053083,0.42924984,0.57075014,0.0,0.429249848584997,0.5707501514150031,0.429249848584997,0.4292498485849969,True,-0.07681909460969466,2ff1f9a3c4eb991b7176561691e2047f225f33834ec8c347efdb5f5220969f56,2ff1f9a3c4eb991b7176561691e2047f225f33834ec8c347efdb5f5220969f56,01717e955c96849de3bc73695137c834cb3c323d3f5a5a40658d7d7e776c66ce,20260801T162447Z,2026-08-01T16:25:57Z,active_pmf_json,MODEL_MARKET_TRACE_ONLY_NOT_EV
24970,591,Sabrina Ionescu,pts_reb,fanduel,player_points_rebounds,game,23.5,-118.0,-112.0,0.5060689431946916,0.4939310568053083,0.18942253,0.81057753,0.0,0.18942251863464887,0.810577481365351,0.18942251863464887,0.1894225186346489,True,-0.31664642456004277,92dc2ac3aedbbfc9ec24c3f1c09907b9c7349896ae277988d53e9ab96978e941,92dc2ac3aedbbfc9ec24c3f1c09907b9c7349896ae277988d53e9ab96978e941,14a19ca6208d5c3b6fbdb145b00349443e3566f6bbe4531ec7142d5d1e07246c,20260801T162447Z,2026-08-01T16:25:57Z,active_pmf_json,MODEL_MARKET_TRACE_ONLY_NOT_EV
24970,465,Jonquel Jones,pts_reb,fanduel,player_points_rebounds,game,22.5,-118.0,-112.0,0.5060689431946916,0.4939310568053083,0.17456106,0.82543892,0.0,0.17456106349122127,0.8254389365087788,0.17456106349122127,0.17456106349122127,True,-0.3315078797034704,df33437e00e493b9c5a949cec731f786ef7e2797c7749968b7e5512fcfa48758,df33437e00e493b9c5a949cec731f786ef7e2797c7749968b7e5512fcfa48758,49d0593056ad2bc302b3e4e2c7839133935cf08aea8e8f3736a4d26454db82c4,20260801T162447Z,2026-08-01T16:25:57Z,active_pmf_json,MODEL_MARKET_TRACE_ONLY_NOT_EV
24969,410,Chelsea Gray,fg3m,fanduel,player_threes,game,1.5,-118.0,-114.0,0.5039916972696792,0.496008302730321,0.62203527,0.37796472999999997,0.0,0.62203527,0.37796472999999997,0.62203527,0.6220352700000001,True,0.11804357273032084,482c8cfdefa65dc868d5bcd11448fb9da6b02570590b15bc62026d1cf05ca789,482c8cfdefa65dc868d5bcd11448fb9da6b02570590b15bc62026d1cf05ca789,f516e02cc65694086fc27ced84a0eb020d3a68f4e5cd12ee4ee042032c40583b,20260801T162447Z,2026-08-01T16:26:04Z,active_pmf_json,MODEL_MARKET_TRACE_ONLY_NOT_EV
24969,645,NaLyssa Smith,reb,fanduel,player_rebounds,game,5.5,-118.0,-112.0,0.5060689431946916,0.4939310568053083,0.25713408,0.7428659,0.0,0.2571340851426817,0.7428659148573183,0.2571340851426817,0.2571340851426817,True,-0.24893485805200993,3071b327f819f6e4e78ae669a7f7d2e86984d143b2df5a6617302a992f1d39a8,3071b327f819f6e4e78ae669a7f7d2e86984d143b2df5a6617302a992f1d39a8,d35612d6e0b594756f977a0ad766b40061157d0a1fe92d7657adca72c06c5225,20260801T162447Z,2026-08-01T16:26:04Z,active_pmf_json,MODEL_MARKET_TRACE_ONLY_NOT_EV
24970,591,Sabrina Ionescu,fg3m,fanduel,player_threes,game,2.5,-118.0,-112.0,0.5060689431946916,0.4939310568053083,0.41691438,0.5830856,0.0,0.41691438833828776,0.5830856116617122,0.41691438833828776,0.41691438833828776,True,-0.08915455485640389,a19b3e64c242e63dc323600fdaff7f11446c1a9a112e240442363b1897902844,a19b3e64c242e63dc323600fdaff7f11446c1a9a112e240442363b1897902844,bd48d41b97edc38115498c7008c68ea892e4316f8893a41c59ad989a194dee51,20260801T162447Z,2026-08-01T16:25:57Z,active_pmf_json,MODEL_MARKET_TRACE_ONLY_NOT_EV
24970,66925,Pauline Astier,pts_reb,draftkings,player_points_rebounds,game,10.5,-119.0,-114.0,0.5049571700507614,0.49504282994923854,0.37401228,0.62598773,0.0,0.3740122762598772,0.6259877237401228,0.3740122762598772,0.37401227625987726,True,-0.13094489379088414,7927e655b913d735f9448b75574b90ac600a1558cb2375c81e7922b997c99842,7927e655b913d735f9448b75574b90ac600a1558cb2375c81e7922b997c99842,a1e24132dfe6deee6b6efea6905ce4bc8f6364e7ee6eec8d0bc937acf8d5dbc2,20260801T162447Z,2026-08-01T16:26:45Z,active_pmf_json,MODEL_MARKET_TRACE_ONLY_NOT_EV
24969,409,Elizabeth Williams,pts_reb_ast,betonlineag,player_points_rebounds_assists,game,12.5,-119.0,-109.0,0.5102580936358786,0.48974190636412124,0.19337109,0.80662893,0.0,0.19337108613257825,0.8066289138674216,0.19337108613257825,0.1933710861325783,True,-0.31688700750330034,190b28ebe7ad27a3742e1fc87d0a446113670b5078dcbed70a38774f672aa724,190b28ebe7ad27a3742e1fc87d0a446113670b5078dcbed70a38774f672aa724,9152353178a516e9c8e7e566ed754cfa81042f590e205a5add00bd69780518f2,20260801T162447Z,2026-08-01T16:26:41Z,active_pmf_json,MODEL_MARKET_TRACE_ONLY_NOT_EV
24969,410,Chelsea Gray,pts_reb_ast,draftkings,player_points_rebounds_assists,game,22.5,-119.0,-114.0,0.5049571700507614,0.49504282994923854,0.26189672,0.73810328,0.0,0.26189672,0.73810328,0.26189672,0.2618967200000001,True,-0.24306045005076132,0a3dced5cb89ea46b120a9195f6ae4708a51b964d4006580d46465ec532fef8d,0a3dced5cb89ea46b120a9195f6ae4708a51b964d4006580d46465ec532fef8d,efd36891c1d08a0fa28d3562770d230946c022ffb5e2070861796f1a187682d4,20260801T162447Z,2026-08-01T16:26:33Z,active_pmf_json,MODEL_MARKET_TRACE_ONLY_NOT_EV
24970,66925,Pauline Astier,pts_ast,fanduel,player_points_assists,game,11.5,-120.0,-110.0,0.5101214574898786,0.48987854251012153,0.33918702,0.66081299,0.0,0.3391870166081299,0.6608129833918702,0.3391870166081299,0.33918701660812983,True,-0.1709344408817487,7927e655b913d735f9448b75574b90ac600a1558cb2375c81e7922b997c99842,7927e655b913d735f9448b75574b90ac600a1558cb2375c81e7922b997c99842,07bbd82cbcf6bdfe023598d278dd270ae58727cb5c029564cee4162255bf245b,20260801T162447Z,2026-08-01T16:25:57Z,active_pmf_json,MODEL_MARKET_TRACE_ONLY_NOT_EV
24970,373,Alyssa Thomas,pts,fanduel,player_points,game,14.5,-120.0,-108.0,0.5123152709359606,0.48768472906403937,0.38194726,0.61805273,0.0,0.38194726381947264,0.6180527361805274,0.38194726381947264,0.3819472638194727,True,-0.130368007116488,bd4d0921babd9fdef186282365fda0738f0063e206d03aac7c48eff33b4750fe,bd4d0921babd9fdef186282365fda0738f0063e206d03aac7c48eff33b4750fe,2517c7b802cb2a049bcee509036ccd3189714fbf1439c02fe7b7ffc7c265a1e3,20260801T162447Z,2026-08-01T16:25:57Z,active_pmf_json,MODEL_MARKET_TRACE_ONLY_NOT_EV
24970,373,Alyssa Thomas,pts_ast,fanduel,player_points_assists,game,23.5,-120.0,-110.0,0.5101214574898786,0.48987854251012153,0.14002431,0.85997568,0.0,0.14002431140024313,0.8599756885997568,0.14002431140024313,0.1400243114002431,True,-0.37009714608963545,bd4d0921babd9fdef186282365fda0738f0063e206d03aac7c48eff33b4750fe,bd4d0921babd9fdef186282365fda0738f0063e206d03aac7c48eff33b4750fe,b89147b8b14f4b1b4e22a746f478c0671249dd010b07c5a36254c58ff412b1e9,20260801T162447Z,2026-08-01T16:25:57Z,active_pmf_json,MODEL_MARKET_TRACE_ONLY_NOT_EV
24969,570,Jackie Young,pts_reb,draftkings,player_points_rebounds,game,23.5,-120.0,-113.0,0.5069416898056327,0.49305831019436736,0.47522905,0.52477096,0.0,0.47522904524770954,0.5247709547522905,0.47522904524770954,0.4752290452477096,True,-0.031712644557923164,5e3d962ea67f64ed31334f54d9dc28904852b7b90cd162d5fcddf1f9eb04ee40,5e3d962ea67f64ed31334f54d9dc28904852b7b90cd162d5fcddf1f9eb04ee40,d196c7338ea7a1a9accefa533ea5bdb582b110895a4518b6f3e1f86e230578bd,20260801T162447Z,2026-08-01T16:26:33Z,active_pmf_json,MODEL_MARKET_TRACE_ONLY_NOT_EV
24969,285,Courtney Vandersloot,pts,pinnacle,player_points,game,8.5,-120.0,-110.0,0.5101214574898786,0.48987854251012153,0.32412201,0.67587799,0.0,0.32412201,0.67587799,0.32412201,,False,-0.18599944748987857,588d86a517fc1fc3eb627436720532a48db2f056965bdc92eb87ea21b9dcb9f7,588d86a517fc1fc3eb627436720532a48db2f056965bdc92eb87ea21b9dcb9f7,1419c273ffe61efb49a8d4278da0a105c3836b42faa8a5809a2e15e1317ab9be,20260801T162447Z,2026-08-01T16:26:02Z,active_pmf_json,MODEL_MARKET_TRACE_ONLY_NOT_EV
24970,373,Alyssa Thomas,ast,pinnacle,player_assists,game,8.5,-121.0,-101.0,0.5214399039492303,0.4785600960507697,0.344173959508341,0.655826040491659,0.0,0.344173959508341,0.655826040491659,0.344173959508341,,False,-0.17726594444088933,cc36addaaa12369903350b24622d64ac5320331ade5d0b8d17628de7c1039e4c,cc36addaaa12369903350b24622d64ac5320331ade5d0b8d17628de7c1039e4c,9d99db611c94d28eb22b37c9ab94ab783be51da3aba090fa509592f9523202a8,20260801T162447Z,2026-08-01T16:24:59Z,active_pmf_json,MODEL_MARKET_TRACE_ONLY_NOT_EV
24970,242,DeWanna Bonner,reb,pinnacle,player_rebounds,game,5.5,-121.0,100.0,0.5226781857451405,0.4773218142548596,0.37687751,0.6231225,0.0,0.376877506231225,0.6231224937687752,0.376877506231225,,False,-0.14580067951391545,a41851e6ad33a469b7bc74a51ea75f1e031326cde396db12c4ba1995002df8f7,a41851e6ad33a469b7bc74a51ea75f1e031326cde396db12c4ba1995002df8f7,b5b91f8ab9ea484b38db2b4b4f0782362877feaf6b8295be44e232df09a0b1a1,20260801T162447Z,2026-08-01T16:24:59Z,active_pmf_json,MODEL_MARKET_TRACE_ONLY_NOT_EV
24969,285,Courtney Vandersloot,reb_ast,draftkings,player_rebounds_assists,game,6.5,-121.0,-113.0,0.5078823946715012,0.49211760532849874,0.42293772,0.57706228,0.0,0.42293772,0.57706228,0.42293772,0.42293772,True,-0.08494467467150119,588d86a517fc1fc3eb627436720532a48db2f056965bdc92eb87ea21b9dcb9f7,588d86a517fc1fc3eb627436720532a48db2f056965bdc92eb87ea21b9dcb9f7,2e4cd01873a962f04466c12d8a42a9b1f931310e704eee7918f6c731e89b7dce,20260801T162447Z,2026-08-01T16:26:33Z,active_pmf_json,MODEL_MARKET_TRACE_ONLY_NOT_EV
24970,765,Monique Akoa Makani,pts_reb,draftkings,player_points_rebounds,game,10.5,-121.0,-112.0,0.5089278628680263,0.49107213713197356,0.27641768,0.72358236,0.0,0.2764176689432932,0.7235823310567068,0.2764176689432932,0.27641766894329317,True,-0.23251019392473304,0fb138f6fc831ab4dcb8bf175ba152cc9885c57002a2beba51f455f971704c6f,0fb138f6fc831ab4dcb8bf175ba152cc9885c57002a2beba51f455f971704c6f,d8f9691dfc62b170097ba1d03ce109e86cae043dab1fbd5b8e108b8eb21afeab,20260801T162447Z,2026-08-01T16:26:45Z,active_pmf_json,MODEL_MARKET_TRACE_ONLY_NOT_EV
24969,410,Chelsea Gray,pts_reb,draftkings,player_points_rebounds,game,15.5,-121.0,-112.0,0.5089278628680263,0.49107213713197356,0.47181672,0.52818328,0.0,0.47181672,0.52818328,0.47181672,0.47181672000000013,True,-0.03711114286802625,0a3dced5cb89ea46b120a9195f6ae4708a51b964d4006580d46465ec532fef8d,0a3dced5cb89ea46b120a9195f6ae4708a51b964d4006580d46465ec532fef8d,568ea21d14f927717ce436860d8e714791bbcb4d87ba15c4bfafb34bc715495a,20260801T162447Z,2026-08-01T16:26:33Z,active_pmf_json,MODEL_MARKET_TRACE_ONLY_NOT_EV
24969,535,A'ja Wilson,pts_reb_ast,betonlineag,player_points_rebounds_assists,game,40.5,-122.0,-106.0,0.516439256945586,0.483560743054414,0.2198197,0.78018029,0.0,0.21981970219819702,0.780180297801803,0.21981970219819702,0.219819702198197,True,-0.296619554747389,44d06b61ff09a7b8620f399c65e051bde85d56d6221c2ab5599708b588828dcc,44d06b61ff09a7b8620f399c65e051bde85d56d6221c2ab5599708b588828dcc,2a0d08ae6b09804ab4420cdc1ac6188d7da372c68d21fe17f9977a602a90e884,20260801T162447Z,2026-08-01T16:26:41Z,active_pmf_json,MODEL_MARKET_TRACE_ONLY_NOT_EV
24970,468,Breanna Stewart,reb_ast,draftkings,player_rebounds_assists,game,11.5,-123.0,-110.0,0.5129070691024623,0.4870929308975378,0.72233635,0.27766362,0.0,0.7223363716700911,0.2776636283299089,0.7223363716700911,0.7223363716700911,True,0.20942930256762882,9dfa375e88921ca084f794cf2e3f31299a0a0cbd0a38245a91258c1a2eb1145b,9dfa375e88921ca084f794cf2e3f31299a0a0cbd0a38245a91258c1a2eb1145b,5196dd01093848e220c7a87bbd651fbdf101f203262edd09c98cb4ffa60ebb14,20260801T162447Z,2026-08-01T16:26:45Z,active_pmf_json,MODEL_MARKET_TRACE_ONLY_NOT_EV
24969,67033,Sydney Taylor,pts_ast,draftkings,player_points_assists,game,18.5,-123.0,-110.0,0.5129070691024623,0.4870929308975378,0.41419494,0.58580508,0.0,0.41419493171610144,0.5858050682838987,0.41419493171610144,0.41419493171610144,True,-0.09871213738636087,4f557d17f08eb28ce6e4e63d7f13ef1ed4101690785ec87c974db3e1f944a0e3,4f557d17f08eb28ce6e4e63d7f13ef1ed4101690785ec87c974db3e1f944a0e3,6b0e52903c52673d99e0e2e5e0f07cf37591b88b3c940d842b9d73df4b79326e,20260801T162447Z,2026-08-01T16:26:33Z,active_pmf_json,MODEL_MARKET_TRACE_ONLY_NOT_EV
24969,437,Jewell Loyd,reb,draftkings,player_rebounds,game,2.5,-123.0,-110.0,0.5129070691024623,0.4870929308975378,0.37196389,0.62803612,0.0,0.3719638862803612,0.6280361137196389,0.3719638862803612,0.3719638862803611,True,-0.1409431828221011,1c9196e82b9b057d6fc3c32057298fd3f0134861ed40fad98a8416493387968b,1c9196e82b9b057d6fc3c32057298fd3f0134861ed40fad98a8416493387968b,647a6235b48805083486bcc448fc5bbdcb78672d9d54e1b3a543eb5a5a37d910,20260801T162447Z,2026-08-01T16:26:33Z,active_pmf_json,MODEL_MARKET_TRACE_ONLY_NOT_EV
24969,408,Natasha Cloud,ast,draftkings,player_assists,game,4.5,-125.0,-109.0,0.5157946692991116,0.4842053307008884,0.49344875422962314,0.5065512457703769,0.0,0.49344875422962314,0.5065512457703769,0.49344875422962314,0.49344875422962303,True,-0.02234591506948841,77788946fb71b316077d4b7da77c8a2769904fe546278a8cb1c57145b13108af,77788946fb71b316077d4b7da77c8a2769904fe546278a8cb1c57145b13108af,82065d57ee35335ebf04843a1fb0ffb761034024ae3ec4f64d2c26579c299412,20260801T162447Z,2026-08-01T16:26:33Z,active_pmf_json,MODEL_MARKET_TRACE_ONLY_NOT_EV
24970,462,Kahleah Copper,reb,betonlineag,player_rebounds,game,3.5,-125.0,-103.0,0.5226570545829042,0.4773429454170958,0.31035816,0.68964183,0.0,0.3103581631035816,0.6896418368964183,0.3103581631035816,0.3103581631035816,True,-0.21229889147932263,6078cd0649bf2fbc4a9d04e0bacc2e8968b7296228d63afba108c8ce424b2038,6078cd0649bf2fbc4a9d04e0bacc2e8968b7296228d63afba108c8ce424b2038,036d7f7949b0fa6f04146af6b4523b6fae4fb604d5dfd0bf888d4ce1bf249d53,20260801T162447Z,2026-08-01T16:26:51Z,active_pmf_json,MODEL_MARKET_TRACE_ONLY_NOT_EV
24969,437,Jewell Loyd,pts_reb,fanduel,player_points_rebounds,game,11.5,-125.0,-106.0,0.5191532258064516,0.4808467741935484,0.41395651,0.58604347,0.0,0.4139565182791304,0.5860434817208696,0.4139565182791304,0.41395651827913044,True,-0.10519670752732124,6979a871eb3f1fe6d287e44fd8112e04d0d490dd00e8f85849ba6282d1ad4c27,6979a871eb3f1fe6d287e44fd8112e04d0d490dd00e8f85849ba6282d1ad4c27,c3b059084b15e41efd4c6b5b7e3b0cd65d147356507c2a07bcb61d1bbf0b3283,20260801T162447Z,2026-08-01T16:26:04Z,active_pmf_json,MODEL_MARKET_TRACE_ONLY_NOT_EV
24969,570,Jackie Young,reb_ast,fanduel,player_rebounds_assists,game,10.5,-125.0,-106.0,0.5191532258064516,0.4808467741935484,0.83471158,0.16528843000000001,0.0,0.8347115716528843,0.16528842834711574,0.8347115716528843,0.8347115716528843,True,0.3155583458464327,5e3d962ea67f64ed31334f54d9dc28904852b7b90cd162d5fcddf1f9eb04ee40,5e3d962ea67f64ed31334f54d9dc28904852b7b90cd162d5fcddf1f9eb04ee40,6d7fcab6e9aef9d6c2257a0ca2605fbef50ae7ff90db333f8807d3fff940a796,20260801T162447Z,2026-08-01T16:26:04Z,active_pmf_json,MODEL_MARKET_TRACE_ONLY_NOT_EV
24970,462,Kahleah Copper,pts_reb,fanduel,player_points_rebounds,game,25.5,-125.0,-106.0,0.5191532258064516,0.4808467741935484,0.2006966,0.7993034,0.0,0.2006966,0.7993034,0.2006966,0.20069659999999995,True,-0.3184566258064516,2a6497958965e570e46d49de0f5545eaf3af68341ab99cce9660a6009b6c9dd5,2a6497958965e570e46d49de0f5545eaf3af68341ab99cce9660a6009b6c9dd5,94d02be17b5d09e5d41a45ec41cd256c360ebd8d8b89428067d4fa0fa59a8d07,20260801T162447Z,2026-08-01T16:25:57Z,active_pmf_json,MODEL_MARKET_TRACE_ONLY_NOT_EV
24970,462,Kahleah Copper,pts,fanduel,player_points,game,21.5,-125.0,-104.0,0.5214723926380368,0.47852760736196315,0.28631881,0.71368119,0.0,0.28631881,0.71368119,0.28631881,0.28631881,True,-0.23515358263803682,2a6497958965e570e46d49de0f5545eaf3af68341ab99cce9660a6009b6c9dd5,2a6497958965e570e46d49de0f5545eaf3af68341ab99cce9660a6009b6c9dd5,ffe3b416e1d8119f7ea3f77a7456108b2d382be58816050831840802908b099b,20260801T162447Z,2026-08-01T16:25:57Z,active_pmf_json,MODEL_MARKET_TRACE_ONLY_NOT_EV
24969,409,Elizabeth Williams,pts_ast,draftkings,player_points_assists,game,8.5,-125.0,-109.0,0.5157946692991116,0.4842053307008884,0.32638715,0.67361287,0.0,0.3263871434722571,0.6736128565277428,0.3263871434722571,0.32638714347225717,True,-0.18940752582685444,190b28ebe7ad27a3742e1fc87d0a446113670b5078dcbed70a38774f672aa724,190b28ebe7ad27a3742e1fc87d0a446113670b5078dcbed70a38774f672aa724,81726fb07cdfd7979f0d7170eb2ca0960babb8315450ea9bdad87190edc1777c,20260801T162447Z,2026-08-01T16:26:33Z,active_pmf_json,MODEL_MARKET_TRACE_ONLY_NOT_EV
24969,726,Kamilla Cardoso,reb,draftkings,player_rebounds,game,7.5,-128.0,-106.0,0.5217666613899002,0.47823333861009976,0.41932059,0.5806794200000001,0.0,0.41932058580679415,0.5806794141932059,0.41932058580679415,0.4193205858067941,True,-0.10244607558310609,0f817816b5f9805807e13be797b6873600d40ee664519be1ba6a508899ec22bd,0f817816b5f9805807e13be797b6873600d40ee664519be1ba6a508899ec22bd,7c3411e72f189630ab53efc2cbc6fcc94d55b01f2797374aeb2f03ebeee13659,20260801T162447Z,2026-08-01T16:26:33Z,active_pmf_json,MODEL_MARKET_TRACE_ONLY_NOT_EV
24969,408,Natasha Cloud,reb_ast,draftkings,player_rebounds_assists,game,7.5,-128.0,-106.0,0.5217666613899002,0.47823333861009976,0.63576867,0.36423134,0.0,0.6357686636423134,0.3642313363576867,0.6357686636423134,0.6357686636423134,True,0.11400200225241319,e59e863ec0857360eb35453101af2e94d6d07b5083a788135f31c61dace601b1,e59e863ec0857360eb35453101af2e94d6d07b5083a788135f31c61dace601b1,9ab66c05a86ec4c34e970564ff3d92ba9578ad117cb89da492c424b3b51073e5,20260801T162447Z,2026-08-01T16:26:33Z,active_pmf_json,MODEL_MARKET_TRACE_ONLY_NOT_EV
24969,437,Jewell Loyd,pts,fanduel,player_points,game,8.5,-128.0,-102.0,0.5264701091382962,0.4735298908617039,0.55691776,0.44308222,0.0,0.5569177711383554,0.44308222886164456,0.5569177711383554,0.5569177711383554,True,0.030447662000059217,6979a871eb3f1fe6d287e44fd8112e04d0d490dd00e8f85849ba6282d1ad4c27,6979a871eb3f1fe6d287e44fd8112e04d0d490dd00e8f85849ba6282d1ad4c27,f1edda2bfd238541f7b308bb3558d820fc75099cbf8bd4209462e12fe4bd25de,20260801T162447Z,2026-08-01T16:26:04Z,active_pmf_json,MODEL_MARKET_TRACE_ONLY_NOT_EV
24970,424,Rebecca Allen,reb,fanduel,player_rebounds,game,2.5,-128.0,-104.0,0.5240847784200385,0.47591522157996147,0.21157933,0.78842065,0.0,0.2115793342315867,0.7884206657684133,0.2115793342315867,0.2115793342315867,True,-0.31250544418845183,069edce2a8f18629537b9de393eb8dad7547e10da3cd2b04b4cc602f6e745968,069edce2a8f18629537b9de393eb8dad7547e10da3cd2b04b4cc602f6e745968,9085b61931cc2d20b99e8bcff86bad03865fa9826c7a43a1ee6f431618ef8f66,20260801T162447Z,2026-08-01T16:25:57Z,active_pmf_json,MODEL_MARKET_TRACE_ONLY_NOT_EV
24970,465,Jonquel Jones,reb,betonlineag,player_rebounds,game,8.5,-130.0,100.0,0.5306122448979592,0.4693877551020408,0.35554972,0.6444502599999999,0.0,0.3555497271109946,0.6444502728890055,0.3555497271109946,0.35554972711099453,True,-0.17506251778696463,d09533272ac30370b122c540de2ad9cbae526423d48736c5b2c9682d95f373c1,d09533272ac30370b122c540de2ad9cbae526423d48736c5b2c9682d95f373c1,36d5c3cae143979c2782321c4d6c9736932395e2230d246bccc1ad0f88ad2b91,20260801T162447Z,2026-08-01T16:26:51Z,active_pmf_json,MODEL_MARKET_TRACE_ONLY_NOT_EV
24969,645,NaLyssa Smith,pts_reb,draftkings,player_points_rebounds,game,15.5,-130.0,-105.0,0.5246062992125985,0.47539370078740156,0.226984,0.77301604,0.0,0.22698399092064037,0.7730160090793596,0.22698399092064037,0.22698399092064034,True,-0.2976223082919581,92e739169d8bfde5ad3b520a0cb8d50996efa8bab3a297b5884e99b55602923d,92e739169d8bfde5ad3b520a0cb8d50996efa8bab3a297b5884e99b55602923d,a222c737c551e925c7a2b3c6da24ebe15473d00de4427c37823ca1a0a2815f27,20260801T162447Z,2026-08-01T16:26:33Z,active_pmf_json,MODEL_MARKET_TRACE_ONLY_NOT_EV
24969,535,A'ja Wilson,reb_ast,fanduel,player_rebounds_assists,game,13.5,-130.0,-102.0,0.5281576830249397,0.4718423169750603,0.81592205,0.18407794,0.0,0.8159220581592206,0.1840779418407794,0.8159220581592206,0.8159220581592206,True,0.2877643751342809,44d06b61ff09a7b8620f399c65e051bde85d56d6221c2ab5599708b588828dcc,44d06b61ff09a7b8620f399c65e051bde85d56d6221c2ab5599708b588828dcc,2dcf7228d91ce67171b5e8444299ad956be7ab5a6069389c6421426200ab772e,20260801T162447Z,2026-08-01T16:26:04Z,active_pmf_json,MODEL_MARKET_TRACE_ONLY_NOT_EV
24970,462,Kahleah Copper,reb_ast,draftkings,player_rebounds_assists,game,5.5,-133.0,-102.0,0.5306130510349186,0.4693869489650814,0.8666571,0.13334290000000001,0.0,0.8666571,0.13334290000000001,0.8666571,0.8666571000000001,True,0.33604404896508133,2a6497958965e570e46d49de0f5545eaf3af68341ab99cce9660a6009b6c9dd5,2a6497958965e570e46d49de0f5545eaf3af68341ab99cce9660a6009b6c9dd5,dea433ba97cab86a164e3f58daf033e9c21e195197bbf16109c7942e48b79ad9,20260801T162447Z,2026-08-01T16:26:45Z,active_pmf_json,MODEL_MARKET_TRACE_ONLY_NOT_EV
24970,765,Monique Akoa Makani,pts_ast,draftkings,player_points_assists,game,10.5,-133.0,-102.0,0.5306130510349186,0.4693869489650814,0.27641768,0.72358236,0.0,0.2764176689432932,0.7235823310567068,0.2764176689432932,0.27641766894329317,True,-0.2541953820916254,0fb138f6fc831ab4dcb8bf175ba152cc9885c57002a2beba51f455f971704c6f,0fb138f6fc831ab4dcb8bf175ba152cc9885c57002a2beba51f455f971704c6f,6fd4e3aa2c1adf65791e2413b34d8a9637d725c92fef2a7698b67b85293809e5,20260801T162447Z,2026-08-01T16:26:45Z,active_pmf_json,MODEL_MARKET_TRACE_ONLY_NOT_EV
24970,591,Sabrina Ionescu,reb_ast,draftkings,player_rebounds_assists,game,9.5,-136.0,100.0,0.5354330708661418,0.4645669291338583,0.66864302,0.33135704,0.0,0.6686429798814212,0.33135702011857876,0.6686429798814212,0.6686429798814212,True,0.1332099090152794,92dc2ac3aedbbfc9ec24c3f1c09907b9c7349896ae277988d53e9ab96978e941,92dc2ac3aedbbfc9ec24c3f1c09907b9c7349896ae277988d53e9ab96978e941,b6b30791217615bc419a458abdd5401d57ec98878c4c4199652c6fb14dd3fbaf,20260801T162447Z,2026-08-01T16:26:45Z,active_pmf_json,MODEL_MARKET_TRACE_ONLY_NOT_EV
24969,409,Elizabeth Williams,reb_ast,draftkings,player_rebounds_assists,game,5.5,-136.0,100.0,0.5354330708661418,0.4645669291338583,0.48343943,0.51656059,0.0,0.4834394203312117,0.5165605796687884,0.4834394203312117,0.4834394203312117,True,-0.0519936505349301,190b28ebe7ad27a3742e1fc87d0a446113670b5078dcbed70a38774f672aa724,190b28ebe7ad27a3742e1fc87d0a446113670b5078dcbed70a38774f672aa724,a3d08cf4456585195161954ba129bdc000d81beea007e954a6d3ba5049d4005f,20260801T162447Z,2026-08-01T16:26:33Z,active_pmf_json,MODEL_MARKET_TRACE_ONLY_NOT_EV
24969,570,Jackie Young,reb,betonlineag,player_rebounds,game,3.5,-147.0,113.0,0.559015193444145,0.4409848065558551,0.29242154,0.70757848,0.0,0.29242153415156935,0.7075784658484308,0.29242153415156935,0.29242153415156924,True,-0.2665936592925756,48798389eacf38c99ad73174c3316ffb5c489e1e457f4f9c06f63127be5ad2da,48798389eacf38c99ad73174c3316ffb5c489e1e457f4f9c06f63127be5ad2da,b46c9ff546578973e029e9217c378edf834b2bc6f5b4656dcaf55634581942d0,20260801T162447Z,2026-08-01T16:26:41Z,active_pmf_json,MODEL_MARKET_TRACE_ONLY_NOT_EV
24970,66925,Pauline Astier,ast,betonlineag,player_assists,game,2.5,-154.0,119.0,0.5704089571423739,0.4295910428576261,0.37220737203193877,0.6277926279680613,0.0,0.37220737203193877,0.6277926279680613,0.37220737203193877,0.37220737203193877,True,-0.19820158511043517,c2b59466907e0524eae29098327b6a6263e6c756ab65e720778c6185d86ea3a5,c2b59466907e0524eae29098327b6a6263e6c756ab65e720778c6185d86ea3a5,a76bec520061ed4f9c6c67e80da285943be334d505fee5ae385039ce2eb37a3f,20260801T162447Z,2026-08-01T16:26:51Z,active_pmf_json,MODEL_MARKET_TRACE_ONLY_NOT_EV
24969,410,Chelsea Gray,reb,draftkings,player_rebounds,game,2.5,-160.0,118.0,0.5729303547963206,0.4270696452036794,0.46647959,0.53352041,0.0,0.46647959,0.53352041,0.46647959,0.46647958999999994,True,-0.1064507647963206,23f3e0a593f800a532964fb988a9d49d61e5146285fcc41149467028b9948867,23f3e0a593f800a532964fb988a9d49d61e5146285fcc41149467028b9948867,cacb8d131260659649f58cc2e82c22f8166243ab6c063815cf0ff4fbeeb37ddb,20260801T162447Z,2026-08-01T16:26:33Z,active_pmf_json,MODEL_MARKET_TRACE_ONLY_NOT_EV
24969,408,Natasha Cloud,reb,draftkings,player_rebounds,game,2.5,-164.0,120.0,0.5774647887323944,0.4225352112676056,0.46797091999999996,0.53202907,0.0,0.46797092467970924,0.5320290753202908,0.46797092467970924,0.46797092467970913,True,-0.10949386405268513,74bd640e6220d497d102a8234dce59314ca8496fa02bf1fd016b0f02526c9e1f,74bd640e6220d497d102a8234dce59314ca8496fa02bf1fd016b0f02526c9e1f,a6d5809644e0e78bb8793813a5641e366e59874ee8f11dcf244844bbee62c2f2,20260801T162447Z,2026-08-01T16:26:33Z,active_pmf_json,MODEL_MARKET_TRACE_ONLY_NOT_EV
24969,437,Jewell Loyd,fg3m,betonlineag,player_threes,game,1.5,-164.0,126.0,0.5840161351317281,0.41598386486827177,0.60528632,0.39471367,0.0,0.6052863260528633,0.39471367394713675,0.6052863260528633,0.6052863260528633,True,0.021270190921135135,4307be1e10d428848aac284bbb51fc3bc3e306e96a513e3882549be5e7dfff5b,4307be1e10d428848aac284bbb51fc3bc3e306e96a513e3882549be5e7dfff5b,bec99a575ba176c8a5cf2dba7439a16866623f3dcfa81504c51d6f2bd96d9858,20260801T162447Z,2026-08-01T16:26:41Z,active_pmf_json,MODEL_MARKET_TRACE_ONLY_NOT_EV
24970,462,Kahleah Copper,fg3m,draftkings,player_threes,game,1.5,-164.0,121.0,0.5785709724794074,0.4214290275205925,0.43910558,0.56089441,0.0,0.43910558439105585,0.5608944156089442,0.43910558439105585,0.4391055843910559,True,-0.13946538808835152,19c936cdc4e425dc148b03d00fe9b8f462c0ccf852a98fefbfb9522cbb9df7e0,19c936cdc4e425dc148b03d00fe9b8f462c0ccf852a98fefbfb9522cbb9df7e0,9480e5a24721e6a6956af38bc724ba53d375a769b8b5a6efdeba4cf1d29d9dbd,20260801T162447Z,2026-08-01T16:26:45Z,active_pmf_json,MODEL_MARKET_TRACE_ONLY_NOT_EV
24969,535,A'ja Wilson,fg3m,betonlineag,player_threes,game,0.5,-169.0,130.0,0.5909989356849628,0.40900106431503724,0.67367488,0.32632512,0.0,0.67367488,0.32632512,0.67367488,0.6736748799999999,True,0.08267594431503722,8148cd255ce3797ed3c9d2687440d8d6c1dfe6cb1d2191f53f5b49a33c549d60,8148cd255ce3797ed3c9d2687440d8d6c1dfe6cb1d2191f53f5b49a33c549d60,7d078a45cf568cb2d8539861490d69c484e3166c5235b5a0b4413e10fde1832d,20260801T162447Z,2026-08-01T16:26:41Z,active_pmf_json,MODEL_MARKET_TRACE_ONLY_NOT_EV
24970,468,Breanna Stewart,fg3m,betonlineag,player_threes,game,0.5,-217.0,164.0,0.6437721940036858,0.35622780599631415,0.5649304900000001,0.4350695,0.0,0.564930495649305,0.435069504350695,0.564930495649305,0.564930495649305,True,-0.07884169835438082,89eee2bd714680e85d00cd711cbcbe3323aa11b72ae056cfd0920a9f7d13ad96,89eee2bd714680e85d00cd711cbcbe3323aa11b72ae056cfd0920a9f7d13ad96,43fefe4c067bbc2c86cc8e8f4d0507e64aeedec7a5ee1ce5d13ffd7391e14a01,20260801T162447Z,2026-08-01T16:26:51Z,active_pmf_json,MODEL_MARKET_TRACE_ONLY_NOT_EV
